systemTime,matchLogItemType,eventTime,roundNumber,roundTime,entryValue,blueAddPoints,redAddPoints,score,blueGeneralPoints,redGeneralPoints,bluePoints,redPoints,bluePenalties,redPenalties,blueTotalPenalties,redTotalPenalties,blueGoldenPointHits,redGoldenPointHits,blueGoldenPointPenalties,redGoldenPointPenalties,goldenPointRound,entryValue.1,blueVideoQuota,redVideoQuota
1716702690599,START_ROUND,,,,,,,,,,,,,,,,,,,,,,,
1716715014264,START_MATCH,1716715014264.0,1.0,1716699720000.0,,0.0,0.0,0-0,0.0,0.0,0.0,0.0,0.0,0.0,0.0,0.0,0.0,0.0,0.0,0.0,False,,1.0,1.0
1716715014265,START_ROUND,1716715014265.0,1.0,1716699720000.0,,0.0,0.0,0-0,0.0,0.0,0.0,0.0,0.0,0.0,0.0,0.0,0.0,0.0,0.0,0.0,False,,1.0,1.0
1716715021831,TIMEOUT,1716715021831.0,1.0,1716699712444.0,,0.0,0.0,0-0,0.0,0.0,0.0,0.0,0.0,0.0,0.0,0.0,0.0,0.0,0.0,0.0,False,,1.0,1.0
1716715024881,RESUME,1716715024881.0,1.0,1716699712444.0,,0.0,0.0,0-0,0.0,0.0,0.0,0.0,0.0,0.0,0.0,0.0,0.0,0.0,0.0,0.0,False,,1.0,1.0
1716715028661,RED_BODY_HIT,1716715028661.0,1.0,1716699708666.0,9,0.0,0.0,0-0,0.0,0.0,0.0,0.0,0.0,0.0,0.0,0.0,0.0,0.0,0.0,0.0,False,9,1.0,1.0
1716715029148,BLUE_BODY_HIT,1716715029148.0,1.0,1716699708178.0,19,0.0,0.0,0-0,0.0,0.0,0.0,0.0,0.0,0.0,0.0,0.0,0.0,0.0,0.0,0.0,False,19,1.0,1.0
1716715030842,TIMEOUT,1716715030842.0,1.0,1716699706493.0,,0.0,0.0,0-0,0.0,0.0,0.0,0.0,0.0,0.0,0.0,0.0,0.0,0.0,0.0,0.0,False,,1.0,1.0
1716715034032,RESUME,1716715034032.0,1.0,1716699706492.0,,0.0,0.0,0-0,0.0,0.0,0.0,0.0,0.0,0.0,0.0,0.0,0.0,0.0,0.0,0.0,False,,1.0,1.0
1716715039760,BLUE_BODY_HIT,1716715039760.0,1.0,1716699700765.0,10,0.0,0.0,0-0,0.0,0.0,0.0,0.0,0.0,0.0,0.0,0.0,0.0,0.0,0.0,0.0,False,10,1.0,1.0
1716715040263,RED_BODY_HIT,1716715040263.0,1.0,1716699700262.0,15,0.0,0.0,0-0,0.0,0.0,0.0,0.0,0.0,0.0,0.0,0.0,0.0,0.0,0.0,0.0,False,15,1.0,1.0
1716715040853,BLUE_BODY_HIT,1716715040853.0,1.0,1716699699671.0,19,0.0,0.0,0-0,0.0,0.0,0.0,0.0,0.0,0.0,0.0,0.0,0.0,0.0,0.0,0.0,False,19,1.0,1.0
1716715041976,TIMEOUT,1716715041976.0,1.0,1716699698558.0,,0.0,0.0,0-0,0.0,0.0,0.0,0.0,0.0,0.0,0.0,0.0,0.0,0.0,0.0,0.0,False,,1.0,1.0
1716715044248,RESUME,1716715044248.0,1.0,1716699698558.0,,0.0,0.0,0-0,0.0,0.0,0.0,0.0,0.0,0.0,0.0,0.0,0.0,0.0,0.0,0.0,False,,1.0,1.0
1716715046653,BLUE_BODY_HIT,1716715046653.0,1.0,1716699696153.0,7,0.0,0.0,0-0,0.0,0.0,0.0,0.0,0.0,0.0,0.0,0.0,0.0,0.0,0.0,0.0,False,7,1.0,1.0
1716715052548,TIMEOUT,1716715052548.0,1.0,1716699690269.0,,0.0,0.0,0-0,0.0,0.0,0.0,0.0,0.0,0.0,0.0,0.0,0.0,0.0,0.0,0.0,False,,1.0,1.0
1716715055155,RESUME,1716715055155.0,1.0,1716699690267.0,,0.0,0.0,0-0,0.0,0.0,0.0,0.0,0.0,0.0,0.0,0.0,0.0,0.0,0.0,0.0,False,,1.0,1.0
1716715058080,RED_BODY_HIT,1716715058079.0,1.0,1716699687343.0,35,0.0,0.0,0-0,0.0,0.0,0.0,0.0,0.0,0.0,0.0,0.0,0.0,0.0,0.0,0.0,False,35,1.0,1.0
1716715058082,RED_BODY_POINT,1716715058079.0,1.0,1716699687341.0,SENSOR,0.0,2.0,0-2,0.0,2.0,0.0,2.0,0.0,0.0,0.0,0.0,0.0,0.0,0.0,0.0,False,SENSOR,1.0,1.0
1716715059668,TIMEOUT,1716715059668.0,1.0,1716699685764.0,,0.0,0.0,0-2,0.0,2.0,0.0,2.0,0.0,0.0,0.0,0.0,0.0,0.0,0.0,0.0,False,,1.0,1.0
1716715063487,RESUME,1716715063487.0,1.0,1716699685764.0,,0.0,0.0,0-2,0.0,2.0,0.0,2.0,0.0,0.0,0.0,0.0,0.0,0.0,0.0,0.0,False,,1.0,1.0
1716715075655,BLUE_BODY_HIT,1716715075655.0,1.0,1716699673596.0,8,0.0,0.0,0-2,0.0,2.0,0.0,2.0,0.0,0.0,0.0,0.0,0.0,0.0,0.0,0.0,False,8,1.0,1.0
1716715078434,TIMEOUT,1716715078434.0,1.0,1716699670827.0,,0.0,0.0,0-2,0.0,2.0,0.0,2.0,0.0,0.0,0.0,0.0,0.0,0.0,0.0,0.0,False,,1.0,1.0
1716715078906,NETWORK_ERROR,1716715078906.0,1.0,1716699670826.0,,0.0,0.0,0-2,0.0,2.0,0.0,2.0,0.0,0.0,0.0,0.0,0.0,0.0,0.0,0.0,False,,1.0,1.0
1716715078918,TIMEOUT,1716715078918.0,1.0,1716699670826.0,,0.0,0.0,0-2,0.0,2.0,0.0,2.0,0.0,0.0,0.0,0.0,0.0,0.0,0.0,0.0,False,,1.0,1.0
1716715106152,RESUME,1716715106152.0,1.0,1716699670826.0,,0.0,0.0,0-2,0.0,2.0,0.0,2.0,0.0,0.0,0.0,0.0,0.0,0.0,0.0,0.0,False,,1.0,1.0
1716715106593,RED_BODY_HIT,1716715106592.0,1.0,1716699670385.0,14,0.0,0.0,0-2,0.0,2.0,0.0,2.0,0.0,0.0,0.0,0.0,0.0,0.0,0.0,0.0,False,14,1.0,1.0
1716715106926,BLUE_JUDGE_PUNCH,1716715106925.0,1.0,1716699670053.0,2,0.0,0.0,0-2,0.0,2.0,0.0,2.0,0.0,0.0,0.0,0.0,0.0,0.0,0.0,0.0,False,2,1.0,1.0
1716715107371,BLUE_BODY_HIT,1716715107370.0,1.0,1716699669607.0,13,0.0,0.0,0-2,0.0,2.0,0.0,2.0,0.0,0.0,0.0,0.0,0.0,0.0,0.0,0.0,False,13,1.0,1.0
1716715109173,TIMEOUT,1716715109173.0,1.0,1716699667815.0,,0.0,0.0,0-2,0.0,2.0,0.0,2.0,0.0,0.0,0.0,0.0,0.0,0.0,0.0,0.0,False,,1.0,1.0
1716715111582,RESUME,1716715111582.0,1.0,1716699667815.0,,0.0,0.0,0-2,0.0,2.0,0.0,2.0,0.0,0.0,0.0,0.0,0.0,0.0,0.0,0.0,False,,1.0,1.0
1716715118083,TIMEOUT,1716715118083.0,1.0,1716699661324.0,,0.0,0.0,0-2,0.0,2.0,0.0,2.0,0.0,0.0,0.0,0.0,0.0,0.0,0.0,0.0,False,,1.0,1.0
1716715120435,RESUME,1716715120435.0,1.0,1716699661322.0,,0.0,0.0,0-2,0.0,2.0,0.0,2.0,0.0,0.0,0.0,0.0,0.0,0.0,0.0,0.0,False,,1.0,1.0
1716715130698,BLUE_BODY_HIT,1716715130698.0,1.0,1716699651061.0,9,0.0,0.0,0-2,0.0,2.0,0.0,2.0,0.0,0.0,0.0,0.0,0.0,0.0,0.0,0.0,False,9,1.0,1.0
1716715131968,TIMEOUT,1716715131968.0,1.0,1716699649800.0,,0.0,0.0,0-2,0.0,2.0,0.0,2.0,0.0,0.0,0.0,0.0,0.0,0.0,0.0,0.0,False,,1.0,1.0
1716715135334,RESUME,1716715135334.0,1.0,1716699649800.0,,0.0,0.0,0-2,0.0,2.0,0.0,2.0,0.0,0.0,0.0,0.0,0.0,0.0,0.0,0.0,False,,1.0,1.0
1716715136999,TIMEOUT,1716715136999.0,1.0,1716699648145.0,,0.0,0.0,0-2,0.0,2.0,0.0,2.0,0.0,0.0,0.0,0.0,0.0,0.0,0.0,0.0,False,,1.0,1.0
1716715139697,RESUME,1716715139697.0,1.0,1716699648145.0,,0.0,0.0,0-2,0.0,2.0,0.0,2.0,0.0,0.0,0.0,0.0,0.0,0.0,0.0,0.0,False,,1.0,1.0
1716715153972,RED_BODY_HIT,1716715153972.0,1.0,1716699633871.0,60,0.0,0.0,0-2,0.0,2.0,0.0,2.0,0.0,0.0,0.0,0.0,0.0,0.0,0.0,0.0,False,60,1.0,1.0
1716715153975,RED_BODY_POINT,1716715153972.0,1.0,1716699633869.0,SENSOR,0.0,2.0,0-4,0.0,4.0,0.0,4.0,0.0,0.0,0.0,0.0,0.0,0.0,0.0,0.0,False,SENSOR,1.0,1.0
1716715154633,RED_BODY_HIT,1716715154633.0,1.0,1716699633210.0,10,0.0,0.0,0-4,0.0,4.0,0.0,4.0,0.0,0.0,0.0,0.0,0.0,0.0,0.0,0.0,False,10,1.0,1.0
1716715156410,TIMEOUT,1716715156410.0,1.0,1716699631444.0,,0.0,0.0,0-4,0.0,4.0,0.0,4.0,0.0,0.0,0.0,0.0,0.0,0.0,0.0,0.0,False,,1.0,1.0
1716715159568,RESUME,1716715159568.0,1.0,1716699631442.0,,0.0,0.0,0-4,0.0,4.0,0.0,4.0,0.0,0.0,0.0,0.0,0.0,0.0,0.0,0.0,False,,1.0,1.0
1716715160649,BLUE_BODY_HIT,1716715160649.0,1.0,1716699630361.0,23,0.0,0.0,0-4,0.0,4.0,0.0,4.0,0.0,0.0,0.0,0.0,0.0,0.0,0.0,0.0,False,23,1.0,1.0
1716715160652,BLUE_BODY_POINT,1716715160649.0,1.0,1716699630359.0,SENSOR,2.0,0.0,2-4,2.0,4.0,2.0,4.0,0.0,0.0,0.0,0.0,0.0,0.0,0.0,0.0,False,SENSOR,1.0,1.0
1716715161453,TIMEOUT,1716715161453.0,1.0,1716699629567.0,,0.0,0.0,2-4,2.0,4.0,2.0,4.0,0.0,0.0,0.0,0.0,0.0,0.0,0.0,0.0,False,,1.0,1.0
1716715166665,RED_ADD_GAME_JEON,1716715166665.0,1.0,1716699629567.0,MAIN_CONTROL,0.0,0.0,3-4,3.0,4.0,2.0,4.0,0.0,1.0,0.0,0.0,0.0,0.0,0.0,0.0,False,MAIN_CONTROL,1.0,1.0
1716715168552,RESUME,1716715168552.0,1.0,1716699629567.0,,0.0,0.0,3-4,3.0,4.0,2.0,4.0,0.0,1.0,0.0,0.0,0.0,0.0,0.0,0.0,False,,1.0,1.0
1716715170580,TIMEOUT,1716715170580.0,1.0,1716699627549.0,,0.0,0.0,3-4,3.0,4.0,2.0,4.0,0.0,1.0,0.0,0.0,0.0,0.0,0.0,0.0,False,,1.0,1.0
1716715173054,RESUME,1716715173054.0,1.0,1716699627549.0,,0.0,0.0,3-4,3.0,4.0,2.0,4.0,0.0,1.0,0.0,0.0,0.0,0.0,0.0,0.0,False,,1.0,1.0
1716715178098,RED_BODY_HIT,1716715178097.0,1.0,1716699622505.0,10,0.0,0.0,3-4,3.0,4.0,2.0,4.0,0.0,1.0,0.0,0.0,0.0,0.0,0.0,0.0,False,10,1.0,1.0
1716715180858,TIMEOUT,1716715180858.0,1.0,1716699619754.0,,0.0,0.0,3-4,3.0,4.0,2.0,4.0,0.0,1.0,0.0,0.0,0.0,0.0,0.0,0.0,False,,1.0,1.0
1716715183087,RESUME,1716715183087.0,1.0,1716699619753.0,,0.0,0.0,3-4,3.0,4.0,2.0,4.0,0.0,1.0,0.0,0.0,0.0,0.0,0.0,0.0,False,,1.0,1.0
1716715190267,TIMEOUT,1716715190267.0,1.0,1716699612584.0,,0.0,0.0,3-4,3.0,4.0,2.0,4.0,0.0,1.0,0.0,0.0,0.0,0.0,0.0,0.0,False,,1.0,1.0
1716715196020,RESUME,1716715196020.0,1.0,1716699612582.0,,0.0,0.0,3-4,3.0,4.0,2.0,4.0,0.0,1.0,0.0,0.0,0.0,0.0,0.0,0.0,False,,1.0,1.0
1716715200787,RED_BODY_HIT,1716715200787.0,1.0,1716699607815.0,13,0.0,0.0,3-4,3.0,4.0,2.0,4.0,0.0,1.0,0.0,0.0,0.0,0.0,0.0,0.0,False,13,1.0,1.0
1716715201416,TIMEOUT,1716715201416.0,1.0,1716699607196.0,,0.0,0.0,3-4,3.0,4.0,2.0,4.0,0.0,1.0,0.0,0.0,0.0,0.0,0.0,0.0,False,,1.0,1.0
1716715205521,BLUE_ADD_GAME_JEON,1716715205520.0,1.0,1716699607196.0,MAIN_CONTROL,0.0,0.0,3-5,3.0,5.0,2.0,4.0,1.0,1.0,0.0,0.0,0.0,0.0,0.0,0.0,False,MAIN_CONTROL,1.0,1.0
1716715207687,RESUME,1716715207687.0,1.0,1716699607196.0,,0.0,0.0,3-5,3.0,5.0,2.0,4.0,1.0,1.0,0.0,0.0,0.0,0.0,0.0,0.0,False,,1.0,1.0
1716715220905,END_ROUND,1716715220905.0,1.0,1716699600000.0,,0.0,0.0,3-5,3.0,5.0,2.0,4.0,1.0,1.0,1.0,1.0,0.0,0.0,0.0,0.0,False,,1.0,1.0
1716715308464,KYE_SHI,1716715308464.0,2.0,1716699720000.0,,0.0,0.0,0-0,0.0,0.0,0.0,0.0,0.0,0.0,1.0,1.0,0.0,0.0,0.0,0.0,False,,1.0,1.0
1716715310200,DOCTOR,1716715310200.0,2.0,1716699720000.0,,0.0,0.0,0-0,0.0,0.0,0.0,0.0,0.0,0.0,1.0,1.0,0.0,0.0,0.0,0.0,False,,1.0,1.0
1716715354821,DOCTOR_QUIT,1716715354821.0,2.0,1716699720000.0,,0.0,0.0,0-0,0.0,0.0,0.0,0.0,0.0,0.0,1.0,1.0,0.0,0.0,0.0,0.0,False,,1.0,1.0
1716715369231,START_ROUND,1716715369231.0,2.0,1716699720000.0,,0.0,0.0,0-0,0.0,0.0,0.0,0.0,0.0,0.0,1.0,1.0,0.0,0.0,0.0,0.0,False,,1.0,1.0
1716715371810,RED_HEAD_HIT,1716715371810.0,2.0,1716699717422.0,10,0.0,0.0,0-0,0.0,0.0,0.0,0.0,0.0,0.0,1.0,1.0,0.0,0.0,0.0,0.0,False,10,1.0,1.0
1716715371813,RED_HEAD_POINT,1716715371810.0,2.0,1716699717422.0,SENSOR,0.0,3.0,0-3,0.0,3.0,0.0,3.0,0.0,0.0,1.0,1.0,0.0,0.0,0.0,0.0,False,SENSOR,1.0,1.0
1716715373162,TIMEOUT,1716715373162.0,2.0,1716699716079.0,,0.0,0.0,0-3,0.0,3.0,0.0,3.0,0.0,0.0,1.0,1.0,0.0,0.0,0.0,0.0,False,,1.0,1.0
1716715375706,RESUME,1716715375706.0,2.0,1716699716079.0,,0.0,0.0,0-3,0.0,3.0,0.0,3.0,0.0,0.0,1.0,1.0,0.0,0.0,0.0,0.0,False,,1.0,1.0
1716715387168,BLUE_BODY_HIT,1716715387168.0,2.0,1716699704617.0,26,0.0,0.0,0-3,0.0,3.0,0.0,3.0,0.0,0.0,1.0,1.0,0.0,0.0,0.0,0.0,False,26,1.0,1.0
1716715387171,BLUE_BODY_POINT,1716715387168.0,2.0,1716699704615.0,SENSOR,2.0,0.0,2-3,2.0,3.0,2.0,3.0,0.0,0.0,1.0,1.0,0.0,0.0,0.0,0.0,False,SENSOR,1.0,1.0
1716715387294,RED_BODY_HIT,1716715387294.0,2.0,1716699704491.0,13,0.0,0.0,2-3,2.0,3.0,2.0,3.0,0.0,0.0,1.0,1.0,0.0,0.0,0.0,0.0,False,13,1.0,1.0
1716715389535,BLUE_BODY_HIT,1716715389535.0,2.0,1716699702251.0,30,0.0,0.0,4-3,4.0,3.0,2.0,3.0,0.0,0.0,1.0,1.0,0.0,0.0,0.0,0.0,False,30,1.0,1.0
1716715389538,BLUE_BODY_POINT,1716715389535.0,2.0,1716699702249.0,SENSOR,2.0,0.0,4-3,4.0,3.0,4.0,3.0,0.0,0.0,1.0,1.0,0.0,0.0,0.0,0.0,False,SENSOR,1.0,1.0
1716715389642,RED_BODY_HIT,1716715389642.0,2.0,1716699702144.0,13,0.0,0.0,4-3,4.0,3.0,4.0,3.0,0.0,0.0,1.0,1.0,0.0,0.0,0.0,0.0,False,13,1.0,1.0
1716715392013,BLUE_BODY_HIT,1716715392013.0,2.0,1716699699773.0,11,0.0,0.0,4-3,4.0,3.0,4.0,3.0,0.0,0.0,1.0,1.0,0.0,0.0,0.0,0.0,False,11,1.0,1.0
1716715396075,TIMEOUT,1716715396075.0,2.0,1716699695721.0,,0.0,0.0,4-3,4.0,3.0,4.0,3.0,0.0,0.0,1.0,1.0,0.0,0.0,0.0,0.0,False,,1.0,1.0
1716715398658,RESUME,1716715398658.0,2.0,1716699695719.0,,0.0,0.0,4-3,4.0,3.0,4.0,3.0,0.0,0.0,1.0,1.0,0.0,0.0,0.0,0.0,False,,1.0,1.0
1716715402005,RED_BODY_HIT,1716715402005.0,2.0,1716699692372.0,10,0.0,0.0,4-3,4.0,3.0,4.0,3.0,0.0,0.0,1.0,1.0,0.0,0.0,0.0,0.0,False,10,1.0,1.0
1716715402394,BLUE_JUDGE_PUNCH,1716715402394.0,2.0,1716699691983.0,2,0.0,0.0,4-3,4.0,3.0,4.0,3.0,0.0,0.0,1.0,1.0,0.0,0.0,0.0,0.0,False,2,1.0,1.0
1716715416716,BLUE_BODY_HIT,1716715416716.0,2.0,1716699677662.0,17,0.0,0.0,4-3,4.0,3.0,4.0,3.0,0.0,0.0,1.0,1.0,0.0,0.0,0.0,0.0,False,17,1.0,1.0
1716715417552,TIMEOUT,1716715417552.0,2.0,1716699676835.0,,0.0,0.0,4-3,4.0,3.0,4.0,3.0,0.0,0.0,1.0,1.0,0.0,0.0,0.0,0.0,False,,1.0,1.0
1716715421528,BLUE_ADD_GAME_JEON,1716715421527.0,2.0,1716699676835.0,MAIN_CONTROL,0.0,0.0,4-4,4.0,4.0,4.0,3.0,1.0,0.0,1.0,1.0,0.0,0.0,0.0,0.0,False,MAIN_CONTROL,1.0,1.0
1716715429472,RESUME,1716715429472.0,2.0,1716699676835.0,,0.0,0.0,4-4,4.0,4.0,4.0,3.0,1.0,0.0,1.0,1.0,0.0,0.0,0.0,0.0,False,,1.0,1.0
1716715431008,RED_BODY_HIT,1716715431008.0,2.0,1716699675299.0,7,0.0,0.0,4-4,4.0,4.0,4.0,3.0,1.0,0.0,1.0,1.0,0.0,0.0,0.0,0.0,False,7,1.0,1.0
1716715434082,TIMEOUT,1716715434082.0,2.0,1716699672234.0,,0.0,0.0,4-4,4.0,4.0,4.0,3.0,1.0,0.0,1.0,1.0,0.0,0.0,0.0,0.0,False,,1.0,1.0
1716715443195,RESUME,1716715443195.0,2.0,1716699672234.0,,0.0,0.0,4-4,4.0,4.0,4.0,3.0,1.0,0.0,1.0,1.0,0.0,0.0,0.0,0.0,False,,1.0,1.0
1716715455426,TIMEOUT,1716715455426.0,2.0,1716699660013.0,,0.0,0.0,4-4,4.0,4.0,4.0,3.0,1.0,0.0,1.0,1.0,0.0,0.0,0.0,0.0,False,,1.0,1.0
1716715474813,KYE_SHI,1716715474813.0,2.0,1716699660011.0,,0.0,0.0,4-4,4.0,4.0,4.0,3.0,1.0,0.0,1.0,1.0,0.0,0.0,0.0,0.0,False,,1.0,1.0
1716715476682,DOCTOR,1716715476682.0,2.0,1716699660011.0,,0.0,0.0,4-4,4.0,4.0,4.0,3.0,1.0,0.0,1.0,1.0,0.0,0.0,0.0,0.0,False,,1.0,1.0
1716715527693,DOCTOR_QUIT,1716715527693.0,2.0,1716699660011.0,,0.0,0.0,4-4,4.0,4.0,4.0,3.0,1.0,0.0,1.0,1.0,0.0,0.0,0.0,0.0,False,,1.0,1.0
1716715528580,TIMEOUT,1716715528580.0,2.0,1716699660011.0,,0.0,0.0,4-4,4.0,4.0,4.0,3.0,1.0,0.0,1.0,1.0,0.0,0.0,0.0,0.0,False,,1.0,1.0
1716715534749,RESUME,1716715534749.0,2.0,1716699660011.0,,0.0,0.0,4-4,4.0,4.0,4.0,3.0,1.0,0.0,1.0,1.0,0.0,0.0,0.0,0.0,False,,1.0,1.0
1716715539923,RED_HEAD_HIT,1716715539923.0,2.0,1716699654837.0,17,0.0,0.0,4-4,4.0,4.0,4.0,3.0,1.0,0.0,1.0,1.0,0.0,0.0,0.0,0.0,False,17,1.0,1.0
1716715539925,RED_HEAD_POINT,1716715539923.0,2.0,1716699654835.0,SENSOR,0.0,3.0,4-7,4.0,7.0,4.0,6.0,1.0,0.0,1.0,1.0,0.0,0.0,0.0,0.0,False,SENSOR,1.0,1.0
1716715541070,TIMEOUT,1716715541070.0,2.0,1716699653701.0,,0.0,0.0,4-7,4.0,7.0,4.0,6.0,1.0,0.0,1.0,1.0,0.0,0.0,0.0,0.0,False,,1.0,1.0
1716715625831,SCOREBOARD,1716715625831.0,2.0,1716699653699.0,,0.0,0.0,4-7,4.0,7.0,4.0,6.0,1.0,0.0,1.0,1.0,0.0,0.0,0.0,0.0,False,,1.0,1.0
1716715632170,RED_HEAD_POINT,1716715632169.0,2.0,1716699653699.0,SCOREBOARD_EDITOR,0.0,3.0,4-10,4.0,10.0,4.0,9.0,1.0,0.0,1.0,1.0,0.0,0.0,0.0,0.0,False,SCOREBOARD_EDITOR,1.0,1.0
1716715635977,RESUME,1716715635977.0,2.0,1716699653699.0,,0.0,0.0,4-10,4.0,10.0,4.0,9.0,1.0,0.0,1.0,1.0,0.0,0.0,0.0,0.0,False,,1.0,1.0
1716715636806,RED_BODY_HIT,1716715636806.0,2.0,1716699652870.0,33,0.0,0.0,4-10,4.0,10.0,4.0,9.0,1.0,0.0,1.0,1.0,0.0,0.0,0.0,0.0,False,33,1.0,1.0
1716715636808,RED_BODY_POINT,1716715636806.0,2.0,1716699652869.0,SENSOR,0.0,2.0,4-12,4.0,12.0,4.0,11.0,1.0,0.0,1.0,1.0,0.0,0.0,0.0,0.0,False,SENSOR,1.0,1.0
1716715638387,RED_BODY_HIT,1716715638387.0,2.0,1716699651290.0,10,0.0,0.0,4-12,4.0,12.0,4.0,11.0,1.0,0.0,1.0,1.0,0.0,0.0,0.0,0.0,False,10,1.0,1.0
1716715643463,RED_BODY_HIT,1716715643463.0,2.0,1716699646213.0,16,0.0,0.0,4-12,4.0,12.0,4.0,11.0,1.0,0.0,1.0,1.0,0.0,0.0,0.0,0.0,False,16,1.0,1.0
1716715648198,BLUE_BODY_HIT,1716715648198.0,2.0,1716699641478.0,9,0.0,0.0,4-12,4.0,12.0,4.0,11.0,1.0,0.0,1.0,1.0,0.0,0.0,0.0,0.0,False,9,1.0,1.0
1716715650730,TIMEOUT,1716715650730.0,2.0,1716699638956.0,,0.0,0.0,4-12,4.0,12.0,4.0,11.0,1.0,0.0,1.0,1.0,0.0,0.0,0.0,0.0,False,,1.0,1.0
1716715654547,BLUE_ADD_GAME_JEON,1716715654547.0,2.0,1716699638956.0,MAIN_CONTROL,0.0,0.0,4-13,4.0,13.0,4.0,11.0,2.0,0.0,1.0,1.0,0.0,0.0,0.0,0.0,False,MAIN_CONTROL,1.0,1.0
1716715657342,RESUME,1716715657342.0,2.0,1716699638956.0,,0.0,0.0,4-13,4.0,13.0,4.0,11.0,2.0,0.0,1.0,1.0,0.0,0.0,0.0,0.0,False,,1.0,1.0
1716715670858,BLUE_JUDGE_BODY_TECH,1716715670858.0,2.0,1716699625439.0,1,0.0,0.0,4-13,4.0,13.0,4.0,11.0,2.0,0.0,1.0,1.0,0.0,0.0,0.0,0.0,False,1,1.0,1.0
1716715674599,TIMEOUT,1716715674599.0,2.0,1716699621710.0,,0.0,0.0,4-13,4.0,13.0,4.0,11.0,2.0,0.0,1.0,1.0,0.0,0.0,0.0,0.0,False,,1.0,1.0
1716715676849,RESUME,1716715676849.0,2.0,1716699621708.0,,0.0,0.0,4-13,4.0,13.0,4.0,11.0,2.0,0.0,1.0,1.0,0.0,0.0,0.0,0.0,False,,1.0,1.0
1716715689325,BLUE_BODY_HIT,1716715689325.0,2.0,1716699609232.0,15,0.0,0.0,4-13,4.0,13.0,4.0,11.0,2.0,0.0,1.0,1.0,0.0,0.0,0.0,0.0,False,15,1.0,1.0
1716715690335,RED_BODY_HIT,1716715690335.0,2.0,1716699608222.0,18,0.0,0.0,4-13,4.0,13.0,4.0,11.0,2.0,0.0,1.0,1.0,0.0,0.0,0.0,0.0,False,18,1.0,1.0
1716715692437,TIMEOUT,1716715692437.0,2.0,1716699606130.0,,0.0,0.0,4-13,4.0,13.0,4.0,11.0,2.0,0.0,1.0,1.0,0.0,0.0,0.0,0.0,False,,1.0,1.0
1716715696671,RED_ADD_GAME_JEON,1716715696669.0,2.0,1716699606130.0,MAIN_CONTROL,0.0,0.0,5-13,5.0,13.0,4.0,11.0,2.0,1.0,1.0,1.0,0.0,0.0,0.0,0.0,False,MAIN_CONTROL,1.0,1.0
1716715698638,RESUME,1716715698638.0,2.0,1716699606130.0,,0.0,0.0,5-13,5.0,13.0,4.0,11.0,2.0,1.0,1.0,1.0,0.0,0.0,0.0,0.0,False,,1.0,1.0
1716715699752,BLUE_JUDGE_BODY_TECH,1716715699751.0,2.0,1716699605017.0,2,0.0,0.0,5-13,5.0,13.0,4.0,11.0,2.0,1.0,1.0,1.0,0.0,0.0,0.0,0.0,False,2,1.0,1.0
1716715700520,BLUE_JUDGE_BODY_TECH,1716715700520.0,2.0,1716699604248.0,1,0.0,0.0,5-13,5.0,13.0,4.0,11.0,2.0,1.0,1.0,1.0,0.0,0.0,0.0,0.0,False,1,1.0,1.0
1716715703272,BLUE_JUDGE_BODY_TECH,1716715703272.0,2.0,1716699601497.0,2,0.0,0.0,5-13,5.0,13.0,4.0,11.0,2.0,1.0,1.0,1.0,0.0,0.0,0.0,0.0,False,2,1.0,1.0
1716715703521,BLUE_JUDGE_BODY_TECH,1716715703521.0,2.0,1716699601247.0,1,0.0,0.0,5-13,5.0,13.0,4.0,11.0,2.0,1.0,1.0,1.0,0.0,0.0,0.0,0.0,False,1,1.0,1.0
1716715703961,TIMEOUT,1716715703961.0,2.0,1716699600819.0,,0.0,0.0,5-13,5.0,13.0,4.0,11.0,2.0,1.0,1.0,1.0,0.0,0.0,0.0,0.0,False,,1.0,1.0
1716715708527,BLUE_ADD_GAME_JEON,1716715708526.0,2.0,1716699600817.0,MAIN_CONTROL,0.0,0.0,5-14,5.0,14.0,4.0,11.0,3.0,1.0,1.0,1.0,0.0,0.0,0.0,0.0,False,MAIN_CONTROL,1.0,1.0
1716715711357,RESUME,1716715711357.0,2.0,1716699600817.0,,0.0,0.0,5-14,5.0,14.0,4.0,11.0,3.0,1.0,1.0,1.0,0.0,0.0,0.0,0.0,False,,1.0,1.0
1716715713845,END_ROUND,1716715713845.0,2.0,1716699600000.0,,0.0,0.0,5-14,5.0,14.0,4.0,11.0,3.0,1.0,4.0,2.0,0.0,0.0,0.0,0.0,False,,1.0,1.0
1716715713887,MATCH_FINAL_NEEDS_CONFIRM_DECISION,1716715713887.0,2.0,1716699600000.0,,0.0,0.0,5-14,5.0,14.0,4.0,11.0,3.0,1.0,4.0,2.0,0.0,0.0,0.0,0.0,False,,1.0,1.0
1716715716131,MATCH_FINISHED,1716715716131.0,2.0,1716699600000.0,RED - PTF,0.0,0.0,5-14,5.0,14.0,4.0,11.0,3.0,1.0,4.0,2.0,0.0,0.0,0.0,0.0,False,RED - PTF,1.0,1.0
1716715833293,START_MATCH,1716715833293.0,1.0,1716699720000.0,,0.0,0.0,0-0,0.0,0.0,0.0,0.0,0.0,0.0,0.0,0.0,0.0,0.0,0.0,0.0,False,,1.0,1.0
1716715833294,START_ROUND,1716715833294.0,1.0,1716699720000.0,,0.0,0.0,0-0,0.0,0.0,0.0,0.0,0.0,0.0,0.0,0.0,0.0,0.0,0.0,0.0,False,,1.0,1.0
1716715840790,RED_JUDGE_BODY_TECH,1716715840790.0,1.0,1716699712505.0,1,0.0,0.0,0-0,0.0,0.0,0.0,0.0,0.0,0.0,0.0,0.0,0.0,0.0,0.0,0.0,False,1,1.0,1.0
1716715841113,TIMEOUT,1716715841113.0,1.0,1716699712191.0,,0.0,0.0,0-0,0.0,0.0,0.0,0.0,0.0,0.0,0.0,0.0,0.0,0.0,0.0,0.0,False,,1.0,1.0
1716715856127,MATCH_FINAL_NEEDS_CONFIRM_DECISION,1716715856127.0,1.0,1716699712191.0,,0.0,0.0,0-0,0.0,0.0,0.0,0.0,0.0,0.0,0.0,0.0,0.0,0.0,0.0,0.0,False,,1.0,1.0
1716715868963,MATCH_FINISHED,1716715868963.0,1.0,1716699712191.0,RED - PUN,0.0,0.0,0-0,0.0,0.0,0.0,0.0,0.0,0.0,0.0,0.0,0.0,0.0,0.0,0.0,False,RED - PUN,1.0,1.0
1716716173497,START_MATCH,1716716173497.0,1.0,1716699720000.0,,0.0,0.0,0-0,0.0,0.0,0.0,0.0,0.0,0.0,0.0,0.0,0.0,0.0,0.0,0.0,False,,1.0,1.0
1716716173498,START_ROUND,1716716173498.0,1.0,1716699720000.0,,0.0,0.0,0-0,0.0,0.0,0.0,0.0,0.0,0.0,0.0,0.0,0.0,0.0,0.0,0.0,False,,1.0,1.0
1716716179461,RED_BODY_HIT,1716716179461.0,1.0,1716699714037.0,7,0.0,0.0,0-0,0.0,0.0,0.0,0.0,0.0,0.0,0.0,0.0,0.0,0.0,0.0,0.0,False,7,1.0,1.0
1716716180737,TIMEOUT,1716716180737.0,1.0,1716699712771.0,,0.0,0.0,0-0,0.0,0.0,0.0,0.0,0.0,0.0,0.0,0.0,0.0,0.0,0.0,0.0,False,,1.0,1.0
1716716183329,RESUME,1716716183329.0,1.0,1716699712769.0,,0.0,0.0,0-0,0.0,0.0,0.0,0.0,0.0,0.0,0.0,0.0,0.0,0.0,0.0,0.0,False,,1.0,1.0
1716716186220,RED_BODY_HIT,1716716186220.0,1.0,1716699709879.0,13,0.0,0.0,0-0,0.0,0.0,0.0,0.0,0.0,0.0,0.0,0.0,0.0,0.0,0.0,0.0,False,13,1.0,1.0
1716716186920,BLUE_JUDGE_BODY_TECH,1716716186919.0,1.0,1716699709180.0,1,0.0,0.0,0-0,0.0,0.0,0.0,0.0,0.0,0.0,0.0,0.0,0.0,0.0,0.0,0.0,False,1,1.0,1.0
1716716187913,TIMEOUT,1716716187913.0,1.0,1716699708196.0,,0.0,0.0,0-0,0.0,0.0,0.0,0.0,0.0,0.0,0.0,0.0,0.0,0.0,0.0,0.0,False,,1.0,1.0
1716716190257,RESUME,1716716190257.0,1.0,1716699708194.0,,0.0,0.0,0-0,0.0,0.0,0.0,0.0,0.0,0.0,0.0,0.0,0.0,0.0,0.0,0.0,False,,1.0,1.0
1716716192346,RED_BODY_HIT,1716716192346.0,1.0,1716699706105.0,26,0.0,0.0,0-0,0.0,0.0,0.0,0.0,0.0,0.0,0.0,0.0,0.0,0.0,0.0,0.0,False,26,1.0,1.0
1716716192349,RED_BODY_POINT,1716716192346.0,1.0,1716699706105.0,SENSOR,0.0,2.0,0-2,0.0,2.0,0.0,2.0,0.0,0.0,0.0,0.0,0.0,0.0,0.0,0.0,False,SENSOR,1.0,1.0
1716716217526,RED_BODY_HIT,1716716217526.0,1.0,1716699680925.0,18,0.0,0.0,0-2,0.0,2.0,0.0,2.0,0.0,0.0,0.0,0.0,0.0,0.0,0.0,0.0,False,18,1.0,1.0
1716716218793,TIMEOUT,1716716218793.0,1.0,1716699679668.0,,0.0,0.0,0-2,0.0,2.0,0.0,2.0,0.0,0.0,0.0,0.0,0.0,0.0,0.0,0.0,False,,1.0,1.0
1716716221934,RESUME,1716716221934.0,1.0,1716699679668.0,,0.0,0.0,0-2,0.0,2.0,0.0,2.0,0.0,0.0,0.0,0.0,0.0,0.0,0.0,0.0,False,,1.0,1.0
1716716225376,TIMEOUT,1716716225376.0,1.0,1716699676237.0,,0.0,0.0,0-2,0.0,2.0,0.0,2.0,0.0,0.0,0.0,0.0,0.0,0.0,0.0,0.0,False,,1.0,1.0
1716716227668,RESUME,1716716227668.0,1.0,1716699676235.0,,0.0,0.0,0-2,0.0,2.0,0.0,2.0,0.0,0.0,0.0,0.0,0.0,0.0,0.0,0.0,False,,1.0,1.0
1716716232138,RED_BODY_HIT,1716716232138.0,1.0,1716699671765.0,23,0.0,0.0,0-2,0.0,2.0,0.0,2.0,0.0,0.0,0.0,0.0,0.0,0.0,0.0,0.0,False,23,1.0,1.0
1716716232141,RED_BODY_POINT,1716716232138.0,1.0,1716699671763.0,SENSOR,0.0,2.0,0-4,0.0,4.0,0.0,4.0,0.0,0.0,0.0,0.0,0.0,0.0,0.0,0.0,False,SENSOR,1.0,1.0
1716716233388,BLUE_BODY_HIT,1716716233388.0,1.0,1716699670516.0,13,0.0,0.0,0-4,0.0,4.0,0.0,4.0,0.0,0.0,0.0,0.0,0.0,0.0,0.0,0.0,False,13,1.0,1.0
1716716234521,RED_HEAD_HIT,1716716234521.0,1.0,1716699669382.0,14,0.0,0.0,0-4,0.0,4.0,0.0,4.0,0.0,0.0,0.0,0.0,0.0,0.0,0.0,0.0,False,14,1.0,1.0
1716716234524,RED_HEAD_POINT,1716716234521.0,1.0,1716699669382.0,SENSOR,0.0,3.0,0-7,0.0,7.0,0.0,7.0,0.0,0.0,0.0,0.0,0.0,0.0,0.0,0.0,False,SENSOR,1.0,1.0
1716716235468,TIMEOUT,1716716235468.0,1.0,1716699668445.0,,0.0,0.0,0-7,0.0,7.0,0.0,7.0,0.0,0.0,0.0,0.0,0.0,0.0,0.0,0.0,False,,1.0,1.0
1716716240007,RED_ADD_GAME_JEON,1716716240006.0,1.0,1716699668445.0,MAIN_CONTROL,0.0,0.0,1-7,1.0,7.0,0.0,7.0,0.0,1.0,0.0,0.0,0.0,0.0,0.0,0.0,False,MAIN_CONTROL,1.0,1.0
1716716242249,SCOREBOARD,1716716242249.0,1.0,1716699668445.0,,0.0,0.0,1-7,1.0,7.0,0.0,7.0,0.0,1.0,0.0,0.0,0.0,0.0,0.0,0.0,False,,1.0,1.0
1716716244406,RED_HEAD_POINT,1716716244406.0,1.0,1716699668445.0,SCOREBOARD_EDITOR,0.0,-3.0,1-4,1.0,4.0,0.0,4.0,0.0,1.0,0.0,0.0,0.0,0.0,0.0,0.0,False,SCOREBOARD_EDITOR,1.0,1.0
1716716247240,RESUME,1716716247240.0,1.0,1716699668445.0,,0.0,0.0,1-4,1.0,4.0,0.0,4.0,0.0,1.0,0.0,0.0,0.0,0.0,0.0,0.0,False,,1.0,1.0
1716716255800,TIMEOUT,1716716255800.0,1.0,1716699659895.0,,0.0,0.0,1-4,1.0,4.0,0.0,4.0,0.0,1.0,0.0,0.0,0.0,0.0,0.0,0.0,False,,1.0,1.0
1716716258290,RESUME,1716716258290.0,1.0,1716699659895.0,,0.0,0.0,1-4,1.0,4.0,0.0,4.0,0.0,1.0,0.0,0.0,0.0,0.0,0.0,0.0,False,,1.0,1.0
1716716259757,BLUE_BODY_HIT,1716716259756.0,1.0,1716699658429.0,59,0.0,0.0,3-4,3.0,4.0,0.0,4.0,0.0,1.0,0.0,0.0,0.0,0.0,0.0,0.0,False,59,1.0,1.0
1716716259759,BLUE_BODY_POINT,1716716259756.0,1.0,1716699658428.0,SENSOR,2.0,0.0,3-4,3.0,4.0,2.0,4.0,0.0,1.0,0.0,0.0,0.0,0.0,0.0,0.0,False,SENSOR,1.0,1.0
1716716260062,BLUE_JUDGE_BODY_TECH,1716716260062.0,1.0,1716699658124.0,1,0.0,0.0,3-4,3.0,4.0,2.0,4.0,0.0,1.0,0.0,0.0,0.0,0.0,0.0,0.0,False,1,1.0,1.0
1716716261854,TIMEOUT,1716716261854.0,1.0,1716699656341.0,,0.0,0.0,3-4,3.0,4.0,2.0,4.0,0.0,1.0,0.0,0.0,0.0,0.0,0.0,0.0,False,,1.0,1.0
1716716264581,RESUME,1716716264581.0,1.0,1716699656341.0,,0.0,0.0,3-4,3.0,4.0,2.0,4.0,0.0,1.0,0.0,0.0,0.0,0.0,0.0,0.0,False,,1.0,1.0
1716716266017,TIMEOUT,1716716266017.0,1.0,1716699654915.0,,0.0,0.0,3-4,3.0,4.0,2.0,4.0,0.0,1.0,0.0,0.0,0.0,0.0,0.0,0.0,False,,1.0,1.0
1716716280133,SCOREBOARD,1716716280133.0,1.0,1716699654913.0,,0.0,0.0,3-4,3.0,4.0,2.0,4.0,0.0,1.0,0.0,0.0,0.0,0.0,0.0,0.0,False,,1.0,1.0
1716716280133,BLUE_VIDEO_REQUEST,1716716280133.0,1.0,1716699654913.0,,0.0,0.0,3-4,3.0,4.0,2.0,4.0,0.0,1.0,0.0,0.0,0.0,0.0,0.0,0.0,False,,1.0,1.0
1716716342153,BLUE_BODY_TECH_POINT,1716716342153.0,1.0,1716699654913.0,SCOREBOARD_EDITOR,2.0,0.0,5-4,5.0,4.0,4.0,4.0,0.0,1.0,0.0,0.0,0.0,0.0,0.0,0.0,False,SCOREBOARD_EDITOR,1.0,1.0
1716716342157,BLUE_VIDEO_QUOTA_ACCEPTED,1716716342157.0,1.0,1716699654913.0,,0.0,0.0,5-4,5.0,4.0,4.0,4.0,0.0,1.0,0.0,0.0,0.0,0.0,0.0,0.0,False,,1.0,1.0
1716716349072,RESUME,1716716349072.0,1.0,1716699654913.0,,0.0,0.0,5-4,5.0,4.0,4.0,4.0,0.0,1.0,0.0,0.0,0.0,0.0,0.0,0.0,False,,1.0,1.0
1716716353355,RED_BODY_HIT,1716716353354.0,1.0,1716699650631.0,22,0.0,0.0,5-4,5.0,4.0,4.0,4.0,0.0,1.0,0.0,0.0,0.0,0.0,0.0,0.0,False,22,1.0,1.0
1716716353358,RED_BODY_POINT,1716716353354.0,1.0,1716699650631.0,SENSOR,0.0,2.0,5-6,5.0,6.0,4.0,6.0,0.0,1.0,0.0,0.0,0.0,0.0,0.0,0.0,False,SENSOR,1.0,1.0
1716716353490,TIMEOUT,1716716353490.0,1.0,1716699650505.0,,0.0,0.0,5-6,5.0,6.0,4.0,6.0,0.0,1.0,0.0,0.0,0.0,0.0,0.0,0.0,False,,1.0,1.0
1716716355577,RESUME,1716716355577.0,1.0,1716699650505.0,,0.0,0.0,5-6,5.0,6.0,4.0,6.0,0.0,1.0,0.0,0.0,0.0,0.0,0.0,0.0,False,,1.0,1.0
1716716363111,RED_BODY_HIT,1716716363111.0,1.0,1716699642972.0,13,0.0,0.0,5-6,5.0,6.0,4.0,6.0,0.0,1.0,0.0,0.0,0.0,0.0,0.0,0.0,False,13,1.0,1.0
1716716373054,TIMEOUT,1716716373054.0,1.0,1716699633039.0,,0.0,0.0,5-6,5.0,6.0,4.0,6.0,0.0,1.0,0.0,0.0,0.0,0.0,0.0,0.0,False,,1.0,1.0
1716716375104,RESUME,1716716375104.0,1.0,1716699633037.0,,0.0,0.0,5-6,5.0,6.0,4.0,6.0,0.0,1.0,0.0,0.0,0.0,0.0,0.0,0.0,False,,1.0,1.0
1716716375539,RED_BODY_HIT,1716716375539.0,1.0,1716699632602.0,22,0.0,0.0,5-6,5.0,6.0,4.0,6.0,0.0,1.0,0.0,0.0,0.0,0.0,0.0,0.0,False,22,1.0,1.0
1716716375541,RED_BODY_POINT,1716716375539.0,1.0,1716699632602.0,SENSOR,0.0,2.0,5-8,5.0,8.0,4.0,8.0,0.0,1.0,0.0,0.0,0.0,0.0,0.0,0.0,False,SENSOR,1.0,1.0
1716716380042,RED_BODY_HIT,1716716380041.0,1.0,1716699628099.0,8,0.0,0.0,5-8,5.0,8.0,4.0,8.0,0.0,1.0,0.0,0.0,0.0,0.0,0.0,0.0,False,8,1.0,1.0
1716716381065,TIMEOUT,1716716381065.0,1.0,1716699627087.0,,0.0,0.0,5-8,5.0,8.0,4.0,8.0,0.0,1.0,0.0,0.0,0.0,0.0,0.0,0.0,False,,1.0,1.0
1716716384239,RESUME,1716716384239.0,1.0,1716699627085.0,,0.0,0.0,5-8,5.0,8.0,4.0,8.0,0.0,1.0,0.0,0.0,0.0,0.0,0.0,0.0,False,,1.0,1.0
1716716387203,TIMEOUT,1716716387203.0,1.0,1716699624130.0,,0.0,0.0,5-8,5.0,8.0,4.0,8.0,0.0,1.0,0.0,0.0,0.0,0.0,0.0,0.0,False,,1.0,1.0
1716716389671,RESUME,1716716389671.0,1.0,1716699624130.0,,0.0,0.0,5-8,5.0,8.0,4.0,8.0,0.0,1.0,0.0,0.0,0.0,0.0,0.0,0.0,False,,1.0,1.0
1716716396285,RED_BODY_HIT,1716716396285.0,1.0,1716699617515.0,18,0.0,0.0,5-8,5.0,8.0,4.0,8.0,0.0,1.0,0.0,0.0,0.0,0.0,0.0,0.0,False,18,1.0,1.0
1716716398816,TIMEOUT,1716716398816.0,1.0,1716699614994.0,,0.0,0.0,5-8,5.0,8.0,4.0,8.0,0.0,1.0,0.0,0.0,0.0,0.0,0.0,0.0,False,,1.0,1.0
1716716401167,RESUME,1716716401167.0,1.0,1716699614994.0,,0.0,0.0,5-8,5.0,8.0,4.0,8.0,0.0,1.0,0.0,0.0,0.0,0.0,0.0,0.0,False,,1.0,1.0
1716716405256,RED_BODY_HIT,1716716405256.0,1.0,1716699610906.0,41,0.0,0.0,5-8,5.0,8.0,4.0,8.0,0.0,1.0,0.0,0.0,0.0,0.0,0.0,0.0,False,41,1.0,1.0
1716716405258,RED_BODY_POINT,1716716405256.0,1.0,1716699610904.0,SENSOR,0.0,2.0,5-10,5.0,10.0,4.0,10.0,0.0,1.0,0.0,0.0,0.0,0.0,0.0,0.0,False,SENSOR,1.0,1.0
1716716408481,BLUE_HEAD_HIT,1716716408481.0,1.0,1716699607680.0,30,0.0,0.0,5-10,5.0,10.0,4.0,10.0,0.0,1.0,0.0,0.0,0.0,0.0,0.0,0.0,False,30,1.0,1.0
1716716408482,BLUE_HEAD_POINT,1716716408481.0,1.0,1716699607680.0,SENSOR,3.0,0.0,8-10,8.0,10.0,7.0,10.0,0.0,1.0,0.0,0.0,0.0,0.0,0.0,0.0,False,SENSOR,1.0,1.0
1716716409969,TIMEOUT,1716716409969.0,1.0,1716699606203.0,,0.0,0.0,8-10,8.0,10.0,7.0,10.0,0.0,1.0,0.0,0.0,0.0,0.0,0.0,0.0,False,,1.0,1.0
1716716412485,RESUME,1716716412485.0,1.0,1716699606203.0,,0.0,0.0,8-10,8.0,10.0,7.0,10.0,0.0,1.0,0.0,0.0,0.0,0.0,0.0,0.0,False,,1.0,1.0
1716716416311,TIMEOUT,1716716416311.0,1.0,1716699602388.0,,0.0,0.0,8-10,8.0,10.0,7.0,10.0,0.0,1.0,0.0,0.0,0.0,0.0,0.0,0.0,False,,1.0,1.0
1716716419033,RESUME,1716716419033.0,1.0,1716699602388.0,,0.0,0.0,8-10,8.0,10.0,7.0,10.0,0.0,1.0,0.0,0.0,0.0,0.0,0.0,0.0,False,,1.0,1.0
1716716420157,RED_HEAD_HIT,1716716420157.0,1.0,1716699601263.0,21,0.0,0.0,8-10,8.0,10.0,7.0,10.0,0.0,1.0,0.0,0.0,0.0,0.0,0.0,0.0,False,21,1.0,1.0
1716716420159,RED_HEAD_POINT,1716716420157.0,1.0,1716699601263.0,SENSOR,0.0,3.0,8-13,8.0,13.0,7.0,13.0,0.0,1.0,0.0,0.0,0.0,0.0,0.0,0.0,False,SENSOR,1.0,1.0
1716716420405,BLUE_BODY_HIT,1716716420405.0,1.0,1716699601016.0,13,0.0,0.0,8-13,8.0,13.0,7.0,13.0,0.0,1.0,0.0,0.0,0.0,0.0,0.0,0.0,False,13,1.0,1.0
1716716423939,END_ROUND,1716716423939.0,1.0,1716699600000.0,,0.0,0.0,8-13,8.0,13.0,7.0,13.0,0.0,1.0,0.0,1.0,0.0,0.0,0.0,0.0,False,,1.0,1.0
1716716512468,START_ROUND,1716716512468.0,2.0,1716699720000.0,,0.0,0.0,0-0,0.0,0.0,0.0,0.0,0.0,0.0,0.0,1.0,0.0,0.0,0.0,0.0,False,,1.0,1.0
1716716519840,TIMEOUT,1716716519840.0,2.0,1716699712638.0,,0.0,0.0,0-0,0.0,0.0,0.0,0.0,0.0,0.0,0.0,1.0,0.0,0.0,0.0,0.0,False,,1.0,1.0
1716716523027,RESUME,1716716523027.0,2.0,1716699712637.0,,0.0,0.0,0-0,0.0,0.0,0.0,0.0,0.0,0.0,0.0,1.0,0.0,0.0,0.0,0.0,False,,1.0,1.0
1716716526345,RED_BODY_HIT,1716716526345.0,2.0,1716699709320.0,14,0.0,0.0,0-0,0.0,0.0,0.0,0.0,0.0,0.0,0.0,1.0,0.0,0.0,0.0,0.0,False,14,1.0,1.0
1716716531895,TIMEOUT,1716716531895.0,2.0,1716699703780.0,,0.0,0.0,0-0,0.0,0.0,0.0,0.0,0.0,0.0,0.0,1.0,0.0,0.0,0.0,0.0,False,,1.0,1.0
1716716534565,RESUME,1716716534565.0,2.0,1716699703778.0,,0.0,0.0,0-0,0.0,0.0,0.0,0.0,0.0,0.0,0.0,1.0,0.0,0.0,0.0,0.0,False,,1.0,1.0
1716716537009,RED_BODY_HIT,1716716537008.0,2.0,1716699701334.0,10,0.0,0.0,0-0,0.0,0.0,0.0,0.0,0.0,0.0,0.0,1.0,0.0,0.0,0.0,0.0,False,10,1.0,1.0
1716716538089,TIMEOUT,1716716538089.0,2.0,1716699700265.0,,0.0,0.0,0-0,0.0,0.0,0.0,0.0,0.0,0.0,0.0,1.0,0.0,0.0,0.0,0.0,False,,1.0,1.0
1716716541304,RESUME,1716716541304.0,2.0,1716699700263.0,,0.0,0.0,0-0,0.0,0.0,0.0,0.0,0.0,0.0,0.0,1.0,0.0,0.0,0.0,0.0,False,,1.0,1.0
1716716542190,BLUE_BODY_HIT,1716716542190.0,2.0,1716699699377.0,7,0.0,0.0,0-0,0.0,0.0,0.0,0.0,0.0,0.0,0.0,1.0,0.0,0.0,0.0,0.0,False,7,1.0,1.0
1716716542430,RED_BODY_HIT,1716716542430.0,2.0,1716699699138.0,17,0.0,0.0,0-0,0.0,0.0,0.0,0.0,0.0,0.0,0.0,1.0,0.0,0.0,0.0,0.0,False,17,1.0,1.0
1716716543061,RED_BODY_HIT,1716716543061.0,2.0,1716699698507.0,11,0.0,0.0,0-0,0.0,0.0,0.0,0.0,0.0,0.0,0.0,1.0,0.0,0.0,0.0,0.0,False,11,1.0,1.0
1716716543507,RED_BODY_HIT,1716716543507.0,2.0,1716699698060.0,9,0.0,0.0,0-0,0.0,0.0,0.0,0.0,0.0,0.0,0.0,1.0,0.0,0.0,0.0,0.0,False,9,1.0,1.0
1716716545576,RED_JUDGE_PUNCH,1716716545575.0,2.0,1716699695992.0,1,0.0,0.0,0-0,0.0,0.0,0.0,0.0,0.0,0.0,0.0,1.0,0.0,0.0,0.0,0.0,False,1,1.0,1.0
1716716545752,TIMEOUT,1716716545752.0,2.0,1716699695826.0,,0.0,0.0,0-0,0.0,0.0,0.0,0.0,0.0,0.0,0.0,1.0,0.0,0.0,0.0,0.0,False,,1.0,1.0
1716716548916,RESUME,1716716548916.0,2.0,1716699695824.0,,0.0,0.0,0-0,0.0,0.0,0.0,0.0,0.0,0.0,0.0,1.0,0.0,0.0,0.0,0.0,False,,1.0,1.0
1716716553273,TIMEOUT,1716716553273.0,2.0,1716699691477.0,,0.0,0.0,0-0,0.0,0.0,0.0,0.0,0.0,0.0,0.0,1.0,0.0,0.0,0.0,0.0,False,,1.0,1.0
1716716570261,SCOREBOARD,1716716570261.0,2.0,1716699691477.0,,0.0,0.0,0-0,0.0,0.0,0.0,0.0,0.0,0.0,0.0,1.0,0.0,0.0,0.0,0.0,False,,1.0,1.0
1716716570261,BLUE_VIDEO_REQUEST,1716716570261.0,2.0,1716699691477.0,,0.0,0.0,0-0,0.0,0.0,0.0,0.0,0.0,0.0,0.0,1.0,0.0,0.0,0.0,0.0,False,,1.0,1.0
1716716640034,BLUE_VIDEO_QUOTA_CHANGED,1716716640034.0,2.0,1716699691477.0,0,0.0,0.0,0-0,0.0,0.0,0.0,0.0,0.0,0.0,0.0,1.0,0.0,0.0,0.0,0.0,False,0,0.0,1.0
1716716643889,RESUME,1716716643889.0,2.0,1716699691477.0,,0.0,0.0,0-0,0.0,0.0,0.0,0.0,0.0,0.0,0.0,1.0,0.0,0.0,0.0,0.0,False,,0.0,1.0
1716716644117,RED_BODY_HIT,1716716644117.0,2.0,1716699691249.0,15,0.0,0.0,0-0,0.0,0.0,0.0,0.0,0.0,0.0,0.0,1.0,0.0,0.0,0.0,0.0,False,15,0.0,1.0
1716716656422,TIMEOUT,1716716656422.0,2.0,1716699678954.0,,0.0,0.0,0-0,0.0,0.0,0.0,0.0,0.0,0.0,0.0,1.0,0.0,0.0,0.0,0.0,False,,0.0,1.0
1716716665115,RESUME,1716716665115.0,2.0,1716699678954.0,,0.0,0.0,0-0,0.0,0.0,0.0,0.0,0.0,0.0,0.0,1.0,0.0,0.0,0.0,0.0,False,,0.0,1.0
1716716667499,BLUE_BODY_HIT,1716716667499.0,2.0,1716699676571.0,10,0.0,0.0,0-0,0.0,0.0,0.0,0.0,0.0,0.0,0.0,1.0,0.0,0.0,0.0,0.0,False,10,0.0,1.0
1716716667754,TIMEOUT,1716716667754.0,2.0,1716699676326.0,,0.0,0.0,0-0,0.0,0.0,0.0,0.0,0.0,0.0,0.0,1.0,0.0,0.0,0.0,0.0,False,,0.0,1.0
1716716670500,RESUME,1716716670500.0,2.0,1716699676324.0,,0.0,0.0,0-0,0.0,0.0,0.0,0.0,0.0,0.0,0.0,1.0,0.0,0.0,0.0,0.0,False,,0.0,1.0
1716716674775,RED_BODY_HIT,1716716674775.0,2.0,1716699672049.0,7,0.0,0.0,0-0,0.0,0.0,0.0,0.0,0.0,0.0,0.0,1.0,0.0,0.0,0.0,0.0,False,7,0.0,1.0
1716716676482,TIMEOUT,1716716676482.0,2.0,1716699670353.0,,0.0,0.0,0-0,0.0,0.0,0.0,0.0,0.0,0.0,0.0,1.0,0.0,0.0,0.0,0.0,False,,0.0,1.0
1716716679136,RESUME,1716716679136.0,2.0,1716699670351.0,,0.0,0.0,0-0,0.0,0.0,0.0,0.0,0.0,0.0,0.0,1.0,0.0,0.0,0.0,0.0,False,,0.0,1.0
1716716683072,TIMEOUT,1716716683072.0,2.0,1716699666426.0,,0.0,0.0,0-0,0.0,0.0,0.0,0.0,0.0,0.0,0.0,1.0,0.0,0.0,0.0,0.0,False,,0.0,1.0
1716716686074,RESUME,1716716686074.0,2.0,1716699666424.0,,0.0,0.0,0-0,0.0,0.0,0.0,0.0,0.0,0.0,0.0,1.0,0.0,0.0,0.0,0.0,False,,0.0,1.0
1716716691118,BLUE_JUDGE_BODY_TECH,1716716691117.0,2.0,1716699661380.0,1,0.0,0.0,0-0,0.0,0.0,0.0,0.0,0.0,0.0,0.0,1.0,0.0,0.0,0.0,0.0,False,1,0.0,1.0
1716716695764,TIMEOUT,1716716695764.0,2.0,1716699656744.0,,0.0,0.0,0-0,0.0,0.0,0.0,0.0,0.0,0.0,0.0,1.0,0.0,0.0,0.0,0.0,False,,0.0,1.0
1716716701203,RED_ADD_GAME_JEON,1716716701203.0,2.0,1716699656742.0,MAIN_CONTROL,0.0,0.0,1-0,1.0,0.0,0.0,0.0,0.0,1.0,0.0,1.0,0.0,0.0,0.0,0.0,False,MAIN_CONTROL,0.0,1.0
1716716703203,RESUME,1716716703203.0,2.0,1716699656742.0,,0.0,0.0,1-0,1.0,0.0,0.0,0.0,0.0,1.0,0.0,1.0,0.0,0.0,0.0,0.0,False,,0.0,1.0
1716716709526,BLUE_BODY_HIT,1716716709526.0,2.0,1716699650419.0,29,0.0,0.0,1-0,1.0,0.0,0.0,0.0,0.0,1.0,0.0,1.0,0.0,0.0,0.0,0.0,False,29,0.0,1.0
1716716709527,BLUE_BODY_POINT,1716716709526.0,2.0,1716699650419.0,SENSOR,2.0,0.0,3-0,3.0,0.0,2.0,0.0,0.0,1.0,0.0,1.0,0.0,0.0,0.0,0.0,False,SENSOR,0.0,1.0
1716716710169,RED_BODY_HIT,1716716710169.0,2.0,1716699649775.0,23,0.0,0.0,3-0,3.0,0.0,2.0,0.0,0.0,1.0,0.0,1.0,0.0,0.0,0.0,0.0,False,23,0.0,1.0
1716716710170,RED_BODY_POINT,1716716710169.0,2.0,1716699649775.0,SENSOR,0.0,2.0,3-2,3.0,2.0,2.0,2.0,0.0,1.0,0.0,1.0,0.0,0.0,0.0,0.0,False,SENSOR,0.0,1.0
1716716715242,TIMEOUT,1716716715242.0,2.0,1716699644713.0,,0.0,0.0,3-2,3.0,2.0,2.0,2.0,0.0,1.0,0.0,1.0,0.0,0.0,0.0,0.0,False,,0.0,1.0
1716716717691,RESUME,1716716717691.0,2.0,1716699644711.0,,0.0,0.0,3-2,3.0,2.0,2.0,2.0,0.0,1.0,0.0,1.0,0.0,0.0,0.0,0.0,False,,0.0,1.0
1716716722484,RED_BODY_HIT,1716716722484.0,2.0,1716699639918.0,20,0.0,0.0,3-2,3.0,2.0,2.0,2.0,0.0,1.0,0.0,1.0,0.0,0.0,0.0,0.0,False,20,0.0,1.0
1716716723204,RED_BODY_HIT,1716716723204.0,2.0,1716699639198.0,20,0.0,0.0,3-2,3.0,2.0,2.0,2.0,0.0,1.0,0.0,1.0,0.0,0.0,0.0,0.0,False,20,0.0,1.0
1716716724089,TIMEOUT,1716716724089.0,2.0,1716699638323.0,,0.0,0.0,3-2,3.0,2.0,2.0,2.0,0.0,1.0,0.0,1.0,0.0,0.0,0.0,0.0,False,,0.0,1.0
1716716728205,RESUME,1716716728205.0,2.0,1716699638323.0,,0.0,0.0,3-2,3.0,2.0,2.0,2.0,0.0,1.0,0.0,1.0,0.0,0.0,0.0,0.0,False,,0.0,1.0
1716716728491,RED_BODY_HIT,1716716728491.0,2.0,1716699638038.0,24,0.0,0.0,3-4,3.0,4.0,2.0,2.0,0.0,1.0,0.0,1.0,0.0,0.0,0.0,0.0,False,24,0.0,1.0
1716716728494,RED_BODY_POINT,1716716728491.0,2.0,1716699638038.0,SENSOR,0.0,2.0,3-4,3.0,4.0,2.0,4.0,0.0,1.0,0.0,1.0,0.0,0.0,0.0,0.0,False,SENSOR,0.0,1.0
1716716730924,TIMEOUT,1716716730924.0,2.0,1716699635615.0,,0.0,0.0,3-4,3.0,4.0,2.0,4.0,0.0,1.0,0.0,1.0,0.0,0.0,0.0,0.0,False,,0.0,1.0
1716716733730,RESUME,1716716733730.0,2.0,1716699635613.0,,0.0,0.0,3-4,3.0,4.0,2.0,4.0,0.0,1.0,0.0,1.0,0.0,0.0,0.0,0.0,False,,0.0,1.0
1716716738706,TIMEOUT,1716716738706.0,2.0,1716699630647.0,,0.0,0.0,3-4,3.0,4.0,2.0,4.0,0.0,1.0,0.0,1.0,0.0,0.0,0.0,0.0,False,,0.0,1.0
1716716741955,RESUME,1716716741955.0,2.0,1716699630645.0,,0.0,0.0,3-4,3.0,4.0,2.0,4.0,0.0,1.0,0.0,1.0,0.0,0.0,0.0,0.0,False,,0.0,1.0
1716716744257,BLUE_BODY_HIT,1716716744257.0,2.0,1716699628342.0,26,0.0,0.0,3-4,3.0,4.0,2.0,4.0,0.0,1.0,0.0,1.0,0.0,0.0,0.0,0.0,False,26,0.0,1.0
1716716744259,BLUE_BODY_POINT,1716716744257.0,2.0,1716699628342.0,SENSOR,2.0,0.0,5-4,5.0,4.0,4.0,4.0,0.0,1.0,0.0,1.0,0.0,0.0,0.0,0.0,False,SENSOR,0.0,1.0
1716716745321,TIMEOUT,1716716745321.0,2.0,1716699627289.0,,0.0,0.0,5-4,5.0,4.0,4.0,4.0,0.0,1.0,0.0,1.0,0.0,0.0,0.0,0.0,False,,0.0,1.0
1716716745798,OT_BLUE_JUDGE_BODY_TECH,1716716745798.0,2.0,1716699627287.0,1,0.0,0.0,5-4,5.0,4.0,4.0,4.0,0.0,1.0,0.0,1.0,0.0,0.0,0.0,0.0,False,1,0.0,1.0
1716716813073,BLUE_ADD_GAME_JEON,1716716813072.0,2.0,1716699627287.0,MAIN_CONTROL,0.0,0.0,5-5,5.0,5.0,4.0,4.0,1.0,1.0,0.0,1.0,0.0,0.0,0.0,0.0,False,MAIN_CONTROL,0.0,1.0
1716716816099,RESUME,1716716816099.0,2.0,1716699627287.0,,0.0,0.0,5-5,5.0,5.0,4.0,4.0,1.0,1.0,0.0,1.0,0.0,0.0,0.0,0.0,False,,0.0,1.0
1716716819611,TIMEOUT,1716716819611.0,2.0,1716699623786.0,,0.0,0.0,5-5,5.0,5.0,4.0,4.0,1.0,1.0,0.0,1.0,0.0,0.0,0.0,0.0,False,,0.0,1.0
1716716821853,RESUME,1716716821853.0,2.0,1716699623784.0,,0.0,0.0,5-5,5.0,5.0,4.0,4.0,1.0,1.0,0.0,1.0,0.0,0.0,0.0,0.0,False,,0.0,1.0
1716716823575,TIMEOUT,1716716823575.0,2.0,1716699622073.0,,0.0,0.0,5-5,5.0,5.0,4.0,4.0,1.0,1.0,0.0,1.0,0.0,0.0,0.0,0.0,False,,0.0,1.0
1716716825995,RESUME,1716716825995.0,2.0,1716699622073.0,,0.0,0.0,5-5,5.0,5.0,4.0,4.0,1.0,1.0,0.0,1.0,0.0,0.0,0.0,0.0,False,,0.0,1.0
1716716827846,RED_JUDGE_PUNCH,1716716827846.0,2.0,1716699620221.0,1,0.0,0.0,5-5,5.0,5.0,4.0,4.0,1.0,1.0,0.0,1.0,0.0,0.0,0.0,0.0,False,1,0.0,1.0
1716716827860,TIMEOUT,1716716827860.0,2.0,1716699620219.0,,0.0,0.0,5-5,5.0,5.0,4.0,4.0,1.0,1.0,0.0,1.0,0.0,0.0,0.0,0.0,False,,0.0,1.0
1716716830438,RESUME,1716716830438.0,2.0,1716699620217.0,,0.0,0.0,5-5,5.0,5.0,4.0,4.0,1.0,1.0,0.0,1.0,0.0,0.0,0.0,0.0,False,,0.0,1.0
1716716833073,TIMEOUT,1716716833073.0,2.0,1716699617593.0,,0.0,0.0,5-5,5.0,5.0,4.0,4.0,1.0,1.0,0.0,1.0,0.0,0.0,0.0,0.0,False,,0.0,1.0
1716716839087,BLUE_ADD_GAME_JEON,1716716839085.0,2.0,1716699617591.0,MAIN_CONTROL,0.0,0.0,5-6,5.0,6.0,4.0,4.0,2.0,1.0,0.0,1.0,0.0,0.0,0.0,0.0,False,MAIN_CONTROL,0.0,1.0
1716716841741,RESUME,1716716841741.0,2.0,1716699617591.0,,0.0,0.0,5-6,5.0,6.0,4.0,4.0,2.0,1.0,0.0,1.0,0.0,0.0,0.0,0.0,False,,0.0,1.0
1716716846109,RED_BODY_HIT,1716716846109.0,2.0,1716699613224.0,7,0.0,0.0,5-6,5.0,6.0,4.0,4.0,2.0,1.0,0.0,1.0,0.0,0.0,0.0,0.0,False,7,0.0,1.0
1716716855463,TIMEOUT,1716716855463.0,2.0,1716699603880.0,,0.0,0.0,5-6,5.0,6.0,4.0,4.0,2.0,1.0,0.0,1.0,0.0,0.0,0.0,0.0,False,,0.0,1.0
1716716858060,RESUME,1716716858060.0,2.0,1716699603880.0,,0.0,0.0,5-6,5.0,6.0,4.0,4.0,2.0,1.0,0.0,1.0,0.0,0.0,0.0,0.0,False,,0.0,1.0
1716716859440,RED_BODY_HIT,1716716859440.0,2.0,1716699602501.0,17,0.0,0.0,5-6,5.0,6.0,4.0,4.0,2.0,1.0,0.0,1.0,0.0,0.0,0.0,0.0,False,17,0.0,1.0
1716716860894,BLUE_JUDGE_BODY_TECH,1716716860894.0,2.0,1716699601047.0,1,0.0,0.0,5-6,5.0,6.0,4.0,4.0,2.0,1.0,0.0,1.0,0.0,0.0,0.0,0.0,False,1,0.0,1.0
1716716865980,SCOREBOARD,1716716865980.0,2.0,1716699600000.0,,0.0,0.0,5-6,5.0,6.0,4.0,4.0,2.0,1.0,2.0,2.0,0.0,0.0,0.0,0.0,False,,0.0,1.0
1716716869584,BLUE_ADD_GAME_JEON,1716716869582.0,2.0,1716699600000.0,SCOREBOARD_EDITOR,0.0,0.0,5-7,5.0,7.0,4.0,4.0,3.0,1.0,5.0,3.0,0.0,0.0,0.0,0.0,False,SCOREBOARD_EDITOR,0.0,1.0
1716716871074,END_ROUND,1716716871074.0,2.0,1716699600000.0,,0.0,0.0,5-7,5.0,7.0,4.0,4.0,3.0,1.0,5.0,3.0,0.0,0.0,0.0,0.0,False,,0.0,1.0
1716716871114,MATCH_FINAL_NEEDS_CONFIRM_DECISION,1716716871114.0,2.0,1716699600000.0,,0.0,0.0,5-7,5.0,7.0,4.0,4.0,3.0,1.0,5.0,3.0,0.0,0.0,0.0,0.0,False,,0.0,1.0
1716716872866,MATCH_FINISHED,1716716872866.0,2.0,1716699600000.0,RED - PTF,0.0,0.0,5-7,5.0,7.0,4.0,4.0,3.0,1.0,5.0,3.0,0.0,0.0,0.0,0.0,False,RED - PTF,0.0,1.0
1716717053179,START_MATCH,1716717053179.0,1.0,1716699720000.0,,0.0,0.0,0-0,0.0,0.0,0.0,0.0,0.0,0.0,0.0,0.0,0.0,0.0,0.0,0.0,False,,1.0,1.0
1716717053180,START_ROUND,1716717053180.0,1.0,1716699720000.0,,0.0,0.0,0-0,0.0,0.0,0.0,0.0,0.0,0.0,0.0,0.0,0.0,0.0,0.0,0.0,False,,1.0,1.0
1716717057722,BLUE_BODY_HIT,1716717057722.0,1.0,1716699715458.0,8,0.0,0.0,0-0,0.0,0.0,0.0,0.0,0.0,0.0,0.0,0.0,0.0,0.0,0.0,0.0,False,8,1.0,1.0
1716717061209,TIMEOUT,1716717061209.0,1.0,1716699711980.0,,0.0,0.0,0-0,0.0,0.0,0.0,0.0,0.0,0.0,0.0,0.0,0.0,0.0,0.0,0.0,False,,1.0,1.0
1716717063102,BLUE_ADD_GAME_JEON,1716717063101.0,1.0,1716699711980.0,MAIN_CONTROL,0.0,0.0,0-1,0.0,1.0,0.0,0.0,1.0,0.0,0.0,0.0,0.0,0.0,0.0,0.0,False,MAIN_CONTROL,1.0,1.0
1716717064489,RESUME,1716717064489.0,1.0,1716699711980.0,,0.0,0.0,0-1,0.0,1.0,0.0,0.0,1.0,0.0,0.0,0.0,0.0,0.0,0.0,0.0,False,,1.0,1.0
1716717068537,RED_BODY_HIT,1716717068537.0,1.0,1716699707932.0,28,0.0,0.0,0-3,0.0,3.0,0.0,0.0,1.0,0.0,0.0,0.0,0.0,0.0,0.0,0.0,False,28,1.0,1.0
1716717068539,RED_BODY_POINT,1716717068537.0,1.0,1716699707932.0,SENSOR,0.0,2.0,0-3,0.0,3.0,0.0,2.0,1.0,0.0,0.0,0.0,0.0,0.0,0.0,0.0,False,SENSOR,1.0,1.0
1716717074181,TIMEOUT,1716717074181.0,1.0,1716699702299.0,,0.0,0.0,0-3,0.0,3.0,0.0,2.0,1.0,0.0,0.0,0.0,0.0,0.0,0.0,0.0,False,,1.0,1.0
1716717076087,RESUME,1716717076087.0,1.0,1716699702297.0,,0.0,0.0,0-3,0.0,3.0,0.0,2.0,1.0,0.0,0.0,0.0,0.0,0.0,0.0,0.0,False,,1.0,1.0
1716717081632,BLUE_BODY_HIT,1716717081632.0,1.0,1716699696752.0,16,0.0,0.0,0-3,0.0,3.0,0.0,2.0,1.0,0.0,0.0,0.0,0.0,0.0,0.0,0.0,False,16,1.0,1.0
1716717086314,TIMEOUT,1716717086314.0,1.0,1716699692081.0,,0.0,0.0,0-3,0.0,3.0,0.0,2.0,1.0,0.0,0.0,0.0,0.0,0.0,0.0,0.0,False,,1.0,1.0
1716717090439,RESUME,1716717090439.0,1.0,1716699692079.0,,0.0,0.0,0-3,0.0,3.0,0.0,2.0,1.0,0.0,0.0,0.0,0.0,0.0,0.0,0.0,False,,1.0,1.0
1716717092171,TIMEOUT,1716717092171.0,1.0,1716699690357.0,,0.0,0.0,0-3,0.0,3.0,0.0,2.0,1.0,0.0,0.0,0.0,0.0,0.0,0.0,0.0,False,,1.0,1.0
1716717094690,RESUME,1716717094690.0,1.0,1716699690357.0,,0.0,0.0,0-3,0.0,3.0,0.0,2.0,1.0,0.0,0.0,0.0,0.0,0.0,0.0,0.0,False,,1.0,1.0
1716717098099,TIMEOUT,1716717098099.0,1.0,1716699686958.0,,0.0,0.0,0-3,0.0,3.0,0.0,2.0,1.0,0.0,0.0,0.0,0.0,0.0,0.0,0.0,False,,1.0,1.0
1716717101459,RED_ADD_GAME_JEON,1716717101457.0,1.0,1716699686958.0,MAIN_CONTROL,0.0,0.0,1-3,1.0,3.0,0.0,2.0,1.0,1.0,0.0,0.0,0.0,0.0,0.0,0.0,False,MAIN_CONTROL,1.0,1.0
1716717103072,RESUME,1716717103072.0,1.0,1716699686958.0,,0.0,0.0,1-3,1.0,3.0,0.0,2.0,1.0,1.0,0.0,0.0,0.0,0.0,0.0,0.0,False,,1.0,1.0
1716717107014,TIMEOUT,1716717107014.0,1.0,1716699683026.0,,0.0,0.0,1-3,1.0,3.0,0.0,2.0,1.0,1.0,0.0,0.0,0.0,0.0,0.0,0.0,False,,1.0,1.0
1716717111415,BLUE_ADD_GAME_JEON,1716717111414.0,1.0,1716699683026.0,MAIN_CONTROL,0.0,0.0,1-4,1.0,4.0,0.0,2.0,2.0,1.0,0.0,0.0,0.0,0.0,0.0,0.0,False,MAIN_CONTROL,1.0,1.0
1716717113595,RESUME,1716717113595.0,1.0,1716699683026.0,,0.0,0.0,1-4,1.0,4.0,0.0,2.0,2.0,1.0,0.0,0.0,0.0,0.0,0.0,0.0,False,,1.0,1.0
1716717117109,TIMEOUT,1716717117109.0,1.0,1716699679522.0,,0.0,0.0,1-4,1.0,4.0,0.0,2.0,2.0,1.0,0.0,0.0,0.0,0.0,0.0,0.0,False,,1.0,1.0
1716717119948,RESUME,1716717119948.0,1.0,1716699679521.0,,0.0,0.0,1-4,1.0,4.0,0.0,2.0,2.0,1.0,0.0,0.0,0.0,0.0,0.0,0.0,False,,1.0,1.0
1716717124545,RED_BODY_HIT,1716717124545.0,1.0,1716699674924.0,13,0.0,0.0,1-4,1.0,4.0,0.0,2.0,2.0,1.0,0.0,0.0,0.0,0.0,0.0,0.0,False,13,1.0,1.0
1716717124989,BLUE_JUDGE_BODY_TECH,1716717124989.0,1.0,1716699674479.0,2,0.0,0.0,1-4,1.0,4.0,0.0,2.0,2.0,1.0,0.0,0.0,0.0,0.0,0.0,0.0,False,2,1.0,1.0
1716717125847,RED_JUDGE_BODY_TECH,1716717125847.0,1.0,1716699673623.0,2,0.0,0.0,1-4,1.0,4.0,0.0,2.0,2.0,1.0,0.0,0.0,0.0,0.0,0.0,0.0,False,2,1.0,1.0
1716717127265,TIMEOUT,1716717127265.0,1.0,1716699672214.0,,0.0,0.0,1-4,1.0,4.0,0.0,2.0,2.0,1.0,0.0,0.0,0.0,0.0,0.0,0.0,False,,1.0,1.0
1716717141407,SCOREBOARD,1716717141407.0,1.0,1716699672212.0,,0.0,0.0,1-4,1.0,4.0,0.0,2.0,2.0,1.0,0.0,0.0,0.0,0.0,0.0,0.0,False,,1.0,1.0
1716717141408,RED_VIDEO_REQUEST,1716717141408.0,1.0,1716699672212.0,,0.0,0.0,1-4,1.0,4.0,0.0,2.0,2.0,1.0,0.0,0.0,0.0,0.0,0.0,0.0,False,,1.0,1.0
1716717187216,RED_VIDEO_QUOTA_CHANGED,1716717187216.0,1.0,1716699672212.0,0,0.0,0.0,1-4,1.0,4.0,0.0,2.0,2.0,1.0,0.0,0.0,0.0,0.0,0.0,0.0,False,0,1.0,0.0
1716717190133,RESUME,1716717190133.0,1.0,1716699672212.0,,0.0,0.0,1-4,1.0,4.0,0.0,2.0,2.0,1.0,0.0,0.0,0.0,0.0,0.0,0.0,False,,1.0,0.0
1716717193587,BLUE_BODY_HIT,1716717193587.0,1.0,1716699668758.0,16,0.0,0.0,1-4,1.0,4.0,0.0,2.0,2.0,1.0,0.0,0.0,0.0,0.0,0.0,0.0,False,16,1.0,0.0
1716717194572,BLUE_JUDGE_BODY_TECH,1716717194572.0,1.0,1716699667772.0,2,0.0,0.0,1-4,1.0,4.0,0.0,2.0,2.0,1.0,0.0,0.0,0.0,0.0,0.0,0.0,False,2,1.0,0.0
1716717194752,RED_JUDGE_BODY_TECH,1716717194752.0,1.0,1716699667593.0,2,0.0,0.0,1-4,1.0,4.0,0.0,2.0,2.0,1.0,0.0,0.0,0.0,0.0,0.0,0.0,False,2,1.0,0.0
1716717195300,RED_JUDGE_BODY_TECH,1716717195299.0,1.0,1716699667046.0,2,0.0,0.0,1-4,1.0,4.0,0.0,2.0,2.0,1.0,0.0,0.0,0.0,0.0,0.0,0.0,False,2,1.0,0.0
1716717199426,TIMEOUT,1716717199426.0,1.0,1716699662929.0,,0.0,0.0,1-4,1.0,4.0,0.0,2.0,2.0,1.0,0.0,0.0,0.0,0.0,0.0,0.0,False,,1.0,0.0
1716717202314,RESUME,1716717202314.0,1.0,1716699662929.0,,0.0,0.0,1-4,1.0,4.0,0.0,2.0,2.0,1.0,0.0,0.0,0.0,0.0,0.0,0.0,False,,1.0,0.0
1716717204977,TIMEOUT,1716717204977.0,1.0,1716699660276.0,,0.0,0.0,1-4,1.0,4.0,0.0,2.0,2.0,1.0,0.0,0.0,0.0,0.0,0.0,0.0,False,,1.0,0.0
1716717211543,RED_ADD_GAME_JEON,1716717211543.0,1.0,1716699660274.0,MAIN_CONTROL,0.0,0.0,2-4,2.0,4.0,0.0,2.0,2.0,2.0,0.0,0.0,0.0,0.0,0.0,0.0,False,MAIN_CONTROL,1.0,0.0
1716717246930,RESUME,1716717246930.0,1.0,1716699660274.0,,0.0,0.0,2-4,2.0,4.0,0.0,2.0,2.0,2.0,0.0,0.0,0.0,0.0,0.0,0.0,False,,1.0,0.0
1716717251995,RED_BODY_HIT,1716717251995.0,1.0,1716699655209.0,10,0.0,0.0,2-4,2.0,4.0,0.0,2.0,2.0,2.0,0.0,0.0,0.0,0.0,0.0,0.0,False,10,1.0,0.0
1716717252818,TIMEOUT,1716717252818.0,1.0,1716699654396.0,,0.0,0.0,2-4,2.0,4.0,0.0,2.0,2.0,2.0,0.0,0.0,0.0,0.0,0.0,0.0,False,,1.0,0.0
1716717255303,RESUME,1716717255303.0,1.0,1716699654396.0,,0.0,0.0,2-4,2.0,4.0,0.0,2.0,2.0,2.0,0.0,0.0,0.0,0.0,0.0,0.0,False,,1.0,0.0
1716717255390,BLUE_BODY_HIT,1716717255390.0,1.0,1716699654310.0,18,0.0,0.0,2-4,2.0,4.0,0.0,2.0,2.0,2.0,0.0,0.0,0.0,0.0,0.0,0.0,False,18,1.0,0.0
1716717255949,RED_BODY_HIT,1716717255949.0,1.0,1716699653751.0,25,0.0,0.0,2-4,2.0,4.0,0.0,2.0,2.0,2.0,0.0,0.0,0.0,0.0,0.0,0.0,False,25,1.0,0.0
1716717255951,RED_BODY_POINT,1716717255949.0,1.0,1716699653749.0,SENSOR,0.0,2.0,2-6,2.0,6.0,0.0,4.0,2.0,2.0,0.0,0.0,0.0,0.0,0.0,0.0,False,SENSOR,1.0,0.0
1716717258773,BLUE_JUDGE_BODY_TECH,1716717258773.0,1.0,1716699650926.0,2,0.0,0.0,2-6,2.0,6.0,0.0,4.0,2.0,2.0,0.0,0.0,0.0,0.0,0.0,0.0,False,2,1.0,0.0
1716717265070,RED_BODY_HIT,1716717265070.0,1.0,1716699644629.0,52,0.0,0.0,2-8,2.0,8.0,0.0,4.0,2.0,2.0,0.0,0.0,0.0,0.0,0.0,0.0,False,52,1.0,0.0
1716717265073,RED_BODY_POINT,1716717265070.0,1.0,1716699644627.0,SENSOR,0.0,2.0,2-8,2.0,8.0,0.0,6.0,2.0,2.0,0.0,0.0,0.0,0.0,0.0,0.0,False,SENSOR,1.0,0.0
1716717271759,TIMEOUT,1716717271759.0,1.0,1716699637950.0,,0.0,0.0,2-8,2.0,8.0,0.0,6.0,2.0,2.0,0.0,0.0,0.0,0.0,0.0,0.0,False,,1.0,0.0
1716717271864,OT_BLUE_JUDGE_PUNCH,1716717271864.0,1.0,1716699637950.0,1,0.0,0.0,2-8,2.0,8.0,0.0,6.0,2.0,2.0,0.0,0.0,0.0,0.0,0.0,0.0,False,1,1.0,0.0
1716717274691,RESUME,1716717274691.0,1.0,1716699637950.0,,0.0,0.0,2-8,2.0,8.0,0.0,6.0,2.0,2.0,0.0,0.0,0.0,0.0,0.0,0.0,False,,1.0,0.0
1716717280393,TIMEOUT,1716717280393.0,1.0,1716699632259.0,,0.0,0.0,2-8,2.0,8.0,0.0,6.0,2.0,2.0,0.0,0.0,0.0,0.0,0.0,0.0,False,,1.0,0.0
1716717284868,RESUME,1716717284868.0,1.0,1716699632257.0,,0.0,0.0,2-8,2.0,8.0,0.0,6.0,2.0,2.0,0.0,0.0,0.0,0.0,0.0,0.0,False,,1.0,0.0
1716717287157,BLUE_BODY_HIT,1716717287157.0,1.0,1716699629969.0,15,0.0,0.0,2-8,2.0,8.0,0.0,6.0,2.0,2.0,0.0,0.0,0.0,0.0,0.0,0.0,False,15,1.0,0.0
1716717288958,TIMEOUT,1716717288958.0,1.0,1716699628178.0,,0.0,0.0,2-8,2.0,8.0,0.0,6.0,2.0,2.0,0.0,0.0,0.0,0.0,0.0,0.0,False,,1.0,0.0
1716717292116,RED_ADD_GAME_JEON,1716717292116.0,1.0,1716699628178.0,MAIN_CONTROL,0.0,0.0,3-8,3.0,8.0,0.0,6.0,2.0,3.0,0.0,0.0,0.0,0.0,0.0,0.0,False,MAIN_CONTROL,1.0,0.0
1716717295628,RESUME,1716717295628.0,1.0,1716699628178.0,,0.0,0.0,3-8,3.0,8.0,0.0,6.0,2.0,3.0,0.0,0.0,0.0,0.0,0.0,0.0,False,,1.0,0.0
1716717304288,BLUE_BODY_HIT,1716717304288.0,1.0,1716699619519.0,14,0.0,0.0,3-8,3.0,8.0,0.0,6.0,2.0,3.0,0.0,0.0,0.0,0.0,0.0,0.0,False,14,1.0,0.0
1716717306394,BLUE_BODY_HIT,1716717306394.0,1.0,1716699617412.0,56,0.0,0.0,3-8,3.0,8.0,0.0,6.0,2.0,3.0,0.0,0.0,0.0,0.0,0.0,0.0,False,56,1.0,0.0
1716717306397,BLUE_BODY_POINT,1716717306394.0,1.0,1716699617410.0,SENSOR,2.0,0.0,5-8,5.0,8.0,2.0,6.0,2.0,3.0,0.0,0.0,0.0,0.0,0.0,0.0,False,SENSOR,1.0,0.0
1716717306460,RED_BODY_HIT,1716717306460.0,1.0,1716699617346.0,8,0.0,0.0,5-8,5.0,8.0,2.0,6.0,2.0,3.0,0.0,0.0,0.0,0.0,0.0,0.0,False,8,1.0,0.0
1716717306773,BLUE_JUDGE_BODY_TECH,1716717306773.0,1.0,1716699617034.0,2,0.0,0.0,5-8,5.0,8.0,2.0,6.0,2.0,3.0,0.0,0.0,0.0,0.0,0.0,0.0,False,2,1.0,0.0
1716717307187,TIMEOUT,1716717307187.0,1.0,1716699616630.0,,0.0,0.0,5-8,5.0,8.0,2.0,6.0,2.0,3.0,0.0,0.0,0.0,0.0,0.0,0.0,False,,1.0,0.0
1716717307997,OT_RED_JUDGE_BODY_TECH,1716717307997.0,1.0,1716699616630.0,1,0.0,0.0,5-8,5.0,8.0,2.0,6.0,2.0,3.0,0.0,0.0,0.0,0.0,0.0,0.0,False,1,1.0,0.0
1716717319060,RED_ADD_GAME_JEON,1716717319059.0,1.0,1716699616630.0,MAIN_CONTROL,0.0,0.0,6-8,6.0,8.0,2.0,6.0,2.0,4.0,0.0,0.0,0.0,0.0,0.0,0.0,False,MAIN_CONTROL,1.0,0.0
1716717325434,SCOREBOARD,1716717325434.0,1.0,1716699616630.0,,0.0,0.0,6-8,6.0,8.0,2.0,6.0,2.0,4.0,0.0,0.0,0.0,0.0,0.0,0.0,False,,1.0,0.0
1716717331120,BLUE_BODY_TECH_POINT,1716717331119.0,1.0,1716699616630.0,SCOREBOARD_EDITOR,2.0,0.0,8-8,8.0,8.0,4.0,6.0,2.0,4.0,0.0,0.0,0.0,0.0,0.0,0.0,False,SCOREBOARD_EDITOR,1.0,0.0
1716717336388,RESUME,1716717336388.0,1.0,1716699616630.0,,0.0,0.0,8-8,8.0,8.0,4.0,6.0,2.0,4.0,0.0,0.0,0.0,0.0,0.0,0.0,False,,1.0,0.0
1716717337425,BLUE_BODY_HIT,1716717337425.0,1.0,1716699615593.0,24,0.0,0.0,10-8,10.0,8.0,4.0,6.0,2.0,4.0,0.0,0.0,0.0,0.0,0.0,0.0,False,24,1.0,0.0
1716717337428,BLUE_BODY_POINT,1716717337425.0,1.0,1716699615591.0,SENSOR,2.0,0.0,10-8,10.0,8.0,6.0,6.0,2.0,4.0,0.0,0.0,0.0,0.0,0.0,0.0,False,SENSOR,1.0,0.0
1716717339796,BLUE_BODY_HIT,1716717339796.0,1.0,1716699613223.0,9,0.0,0.0,10-8,10.0,8.0,6.0,6.0,2.0,4.0,0.0,0.0,0.0,0.0,0.0,0.0,False,9,1.0,0.0
1716717341663,TIMEOUT,1716717341663.0,1.0,1716699611365.0,,0.0,0.0,10-8,10.0,8.0,6.0,6.0,2.0,4.0,0.0,0.0,0.0,0.0,0.0,0.0,False,,1.0,0.0
1716717344345,RESUME,1716717344345.0,1.0,1716699611365.0,,0.0,0.0,10-8,10.0,8.0,6.0,6.0,2.0,4.0,0.0,0.0,0.0,0.0,0.0,0.0,False,,1.0,0.0
1716717345008,BLUE_BODY_HIT,1716717345008.0,1.0,1716699610701.0,33,0.0,0.0,12-8,12.0,8.0,6.0,6.0,2.0,4.0,0.0,0.0,0.0,0.0,0.0,0.0,False,33,1.0,0.0
1716717345011,BLUE_BODY_POINT,1716717345008.0,1.0,1716699610699.0,SENSOR,2.0,0.0,12-8,12.0,8.0,8.0,6.0,2.0,4.0,0.0,0.0,0.0,0.0,0.0,0.0,False,SENSOR,1.0,0.0
1716717347921,BLUE_BODY_HIT,1716717347920.0,1.0,1716699607790.0,7,0.0,0.0,12-8,12.0,8.0,8.0,6.0,2.0,4.0,0.0,0.0,0.0,0.0,0.0,0.0,False,7,1.0,0.0
1716717348653,BLUE_BODY_HIT,1716717348653.0,1.0,1716699607057.0,17,0.0,0.0,12-8,12.0,8.0,8.0,6.0,2.0,4.0,0.0,0.0,0.0,0.0,0.0,0.0,False,17,1.0,0.0
1716717352120,TIMEOUT,1716717352120.0,1.0,1716699603599.0,,0.0,0.0,12-8,12.0,8.0,8.0,6.0,2.0,4.0,0.0,0.0,0.0,0.0,0.0,0.0,False,,1.0,0.0
1716717354491,RED_ADD_GAME_JEON,1716717354490.0,1.0,1716699603599.0,MAIN_CONTROL,0.0,0.0,13-8,13.0,8.0,8.0,6.0,2.0,5.0,0.0,0.0,0.0,0.0,0.0,0.0,False,MAIN_CONTROL,1.0,0.0
1716717354506,TIMEOUT,1716717354506.0,1.0,1716699600000.0,,0.0,0.0,13-8,13.0,8.0,8.0,6.0,2.0,5.0,0.0,0.0,0.0,0.0,0.0,0.0,False,,1.0,0.0
1716717356011,END_ROUND,1716717356011.0,1.0,1716699600000.0,,0.0,0.0,13-8,13.0,8.0,8.0,6.0,2.0,5.0,0.0,0.0,0.0,0.0,0.0,0.0,False,,1.0,0.0
1716717417804,START_ROUND,1716717417804.0,2.0,1716699720000.0,,0.0,0.0,0-0,0.0,0.0,0.0,0.0,0.0,0.0,0.0,0.0,0.0,0.0,0.0,0.0,False,,1.0,0.0
1716717428123,TIMEOUT,1716717428123.0,2.0,1716699709691.0,,0.0,0.0,0-0,0.0,0.0,0.0,0.0,0.0,0.0,0.0,0.0,0.0,0.0,0.0,0.0,False,,1.0,0.0
1716717430579,RESUME,1716717430579.0,2.0,1716699709691.0,,0.0,0.0,0-0,0.0,0.0,0.0,0.0,0.0,0.0,0.0,0.0,0.0,0.0,0.0,0.0,False,,1.0,0.0
1716717437869,BLUE_BODY_HIT,1716717437869.0,2.0,1716699702400.0,18,0.0,0.0,0-0,0.0,0.0,0.0,0.0,0.0,0.0,0.0,0.0,0.0,0.0,0.0,0.0,False,18,1.0,0.0
1716717440953,TIMEOUT,1716717440953.0,2.0,1716699699326.0,,0.0,0.0,0-0,0.0,0.0,0.0,0.0,0.0,0.0,0.0,0.0,0.0,0.0,0.0,0.0,False,,1.0,0.0
1716717444056,RED_ADD_GAME_JEON,1716717444055.0,2.0,1716699699326.0,MAIN_CONTROL,0.0,0.0,1-0,1.0,0.0,0.0,0.0,0.0,1.0,0.0,0.0,0.0,0.0,0.0,0.0,False,MAIN_CONTROL,1.0,0.0
1716717446141,RESUME,1716717446141.0,2.0,1716699699326.0,,0.0,0.0,1-0,1.0,0.0,0.0,0.0,0.0,1.0,0.0,0.0,0.0,0.0,0.0,0.0,False,,1.0,0.0
1716717450425,TIMEOUT,1716717450425.0,2.0,1716699695051.0,,0.0,0.0,1-0,1.0,0.0,0.0,0.0,0.0,1.0,0.0,0.0,0.0,0.0,0.0,0.0,False,,1.0,0.0
1716717453778,RED_ADD_GAME_JEON,1716717453777.0,2.0,1716699695050.0,MAIN_CONTROL,0.0,0.0,2-0,2.0,0.0,0.0,0.0,0.0,2.0,0.0,0.0,0.0,0.0,0.0,0.0,False,MAIN_CONTROL,1.0,0.0
1716717455805,RESUME,1716717455805.0,2.0,1716699695050.0,,0.0,0.0,2-0,2.0,0.0,0.0,0.0,0.0,2.0,0.0,0.0,0.0,0.0,0.0,0.0,False,,1.0,0.0
1716717456742,BLUE_BODY_HIT,1716717456742.0,2.0,1716699694113.0,20,0.0,0.0,2-0,2.0,0.0,0.0,0.0,0.0,2.0,0.0,0.0,0.0,0.0,0.0,0.0,False,20,1.0,0.0
1716717461640,TIMEOUT,1716717461640.0,2.0,1716699689226.0,,0.0,0.0,2-0,2.0,0.0,0.0,0.0,0.0,2.0,0.0,0.0,0.0,0.0,0.0,0.0,False,,1.0,0.0
1716717470469,RED_ADD_GAME_JEON,1716717470468.0,2.0,1716699689225.0,MAIN_CONTROL,0.0,0.0,3-0,3.0,0.0,0.0,0.0,0.0,3.0,0.0,0.0,0.0,0.0,0.0,0.0,False,MAIN_CONTROL,1.0,0.0
1716717475388,RESUME,1716717475388.0,2.0,1716699689225.0,,0.0,0.0,3-0,3.0,0.0,0.0,0.0,0.0,3.0,0.0,0.0,0.0,0.0,0.0,0.0,False,,1.0,0.0
1716717481271,RED_BODY_HIT,1716717481271.0,2.0,1716699683341.0,15,0.0,0.0,3-0,3.0,0.0,0.0,0.0,0.0,3.0,0.0,0.0,0.0,0.0,0.0,0.0,False,15,1.0,0.0
1716717484456,BLUE_BODY_HIT,1716717484456.0,2.0,1716699680157.0,8,0.0,0.0,3-0,3.0,0.0,0.0,0.0,0.0,3.0,0.0,0.0,0.0,0.0,0.0,0.0,False,8,1.0,0.0
1716717487437,RED_BODY_HIT,1716717487437.0,2.0,1716699677176.0,17,0.0,0.0,3-0,3.0,0.0,0.0,0.0,0.0,3.0,0.0,0.0,0.0,0.0,0.0,0.0,False,17,1.0,0.0
1716717490076,TIMEOUT,1716717490076.0,2.0,1716699674547.0,,0.0,0.0,3-0,3.0,0.0,0.0,0.0,0.0,3.0,0.0,0.0,0.0,0.0,0.0,0.0,False,,1.0,0.0
1716717494709,BLUE_ADD_GAME_JEON,1716717494709.0,2.0,1716699674545.0,MAIN_CONTROL,0.0,0.0,3-1,3.0,1.0,0.0,0.0,1.0,3.0,0.0,0.0,0.0,0.0,0.0,0.0,False,MAIN_CONTROL,1.0,0.0
1716717497985,RESUME,1716717497985.0,2.0,1716699674545.0,,0.0,0.0,3-1,3.0,1.0,0.0,0.0,1.0,3.0,0.0,0.0,0.0,0.0,0.0,0.0,False,,1.0,0.0
1716717498877,BLUE_BODY_HIT,1716717498877.0,2.0,1716699673654.0,11,0.0,0.0,3-1,3.0,1.0,0.0,0.0,1.0,3.0,0.0,0.0,0.0,0.0,0.0,0.0,False,11,1.0,0.0
1716717499429,RED_BODY_HIT,1716717499429.0,2.0,1716699673101.0,24,0.0,0.0,3-1,3.0,1.0,0.0,0.0,1.0,3.0,0.0,0.0,0.0,0.0,0.0,0.0,False,24,1.0,0.0
1716717499432,RED_BODY_POINT,1716717499429.0,2.0,1716699673101.0,SENSOR,0.0,2.0,3-3,3.0,3.0,0.0,2.0,1.0,3.0,0.0,0.0,0.0,0.0,0.0,0.0,False,SENSOR,1.0,0.0
1716717500799,TIMEOUT,1716717500799.0,2.0,1716699671743.0,,0.0,0.0,3-3,3.0,3.0,0.0,2.0,1.0,3.0,0.0,0.0,0.0,0.0,0.0,0.0,False,,1.0,0.0
1716717503558,RESUME,1716717503558.0,2.0,1716699671741.0,,0.0,0.0,3-3,3.0,3.0,0.0,2.0,1.0,3.0,0.0,0.0,0.0,0.0,0.0,0.0,False,,1.0,0.0
1716717508610,BLUE_BODY_HIT,1716717508610.0,2.0,1716699666689.0,14,0.0,0.0,3-3,3.0,3.0,0.0,2.0,1.0,3.0,0.0,0.0,0.0,0.0,0.0,0.0,False,14,1.0,0.0
1716717508841,RED_BODY_HIT,1716717508840.0,2.0,1716699666459.0,23,0.0,0.0,3-3,3.0,3.0,0.0,2.0,1.0,3.0,0.0,0.0,0.0,0.0,0.0,0.0,False,23,1.0,0.0
1716717508843,RED_BODY_POINT,1716717508840.0,2.0,1716699666457.0,SENSOR,0.0,2.0,3-5,3.0,5.0,0.0,4.0,1.0,3.0,0.0,0.0,0.0,0.0,0.0,0.0,False,SENSOR,1.0,0.0
1716717512258,TIMEOUT,1716717512258.0,2.0,1716699663051.0,,0.0,0.0,3-5,3.0,5.0,0.0,4.0,1.0,3.0,0.0,0.0,0.0,0.0,0.0,0.0,False,,1.0,0.0
1716717516193,RED_ADD_GAME_JEON,1716717516193.0,2.0,1716699663051.0,MAIN_CONTROL,0.0,0.0,4-5,4.0,5.0,0.0,4.0,1.0,4.0,0.0,0.0,0.0,0.0,0.0,0.0,False,MAIN_CONTROL,1.0,0.0
1716717523420,RESUME,1716717523420.0,2.0,1716699663051.0,,0.0,0.0,4-5,4.0,5.0,0.0,4.0,1.0,4.0,0.0,0.0,0.0,0.0,0.0,0.0,False,,1.0,0.0
1716717525408,BLUE_BODY_HIT,1716717525407.0,2.0,1716699661064.0,10,0.0,0.0,4-5,4.0,5.0,0.0,4.0,1.0,4.0,0.0,0.0,0.0,0.0,0.0,0.0,False,10,1.0,0.0
1716717529284,TIMEOUT,1716717529284.0,2.0,1716699657197.0,,0.0,0.0,4-5,4.0,5.0,0.0,4.0,1.0,4.0,0.0,0.0,0.0,0.0,0.0,0.0,False,,1.0,0.0
1716717532064,RED_ADD_GAME_JEON,1716717532063.0,2.0,1716699657197.0,MAIN_CONTROL,0.0,0.0,5-5,5.0,5.0,0.0,4.0,1.0,5.0,0.0,0.0,0.0,0.0,0.0,0.0,False,MAIN_CONTROL,1.0,0.0
1716717532080,TIMEOUT,1716717532080.0,2.0,1716699600000.0,,0.0,0.0,5-5,5.0,5.0,0.0,4.0,1.0,5.0,0.0,0.0,0.0,0.0,0.0,0.0,False,,1.0,0.0
1716717534943,END_ROUND,1716717534943.0,2.0,1716699600000.0,,0.0,0.0,5-5,5.0,5.0,0.0,4.0,1.0,5.0,0.0,0.0,0.0,0.0,0.0,0.0,False,,1.0,0.0
1716717534983,MATCH_FINAL_NEEDS_CONFIRM_DECISION,1716717534983.0,2.0,1716699600000.0,,0.0,0.0,5-5,5.0,5.0,0.0,4.0,1.0,5.0,0.0,0.0,0.0,0.0,0.0,0.0,False,,1.0,0.0
1716717537173,MATCH_FINISHED,1716717537173.0,2.0,1716699600000.0,BLUE - PTF,0.0,0.0,5-5,5.0,5.0,0.0,4.0,1.0,5.0,0.0,0.0,0.0,0.0,0.0,0.0,False,BLUE - PTF,1.0,0.0
1716717710005,START_MATCH,1716717710005.0,1.0,1716699720000.0,,0.0,0.0,0-0,0.0,0.0,0.0,0.0,0.0,0.0,0.0,0.0,0.0,0.0,0.0,0.0,False,,1.0,1.0
1716717710006,START_ROUND,1716717710006.0,1.0,1716699720000.0,,0.0,0.0,0-0,0.0,0.0,0.0,0.0,0.0,0.0,0.0,0.0,0.0,0.0,0.0,0.0,False,,1.0,1.0
1716717712033,BLUE_BODY_HIT,1716717712033.0,1.0,1716699717974.0,8,0.0,0.0,0-0,0.0,0.0,0.0,0.0,0.0,0.0,0.0,0.0,0.0,0.0,0.0,0.0,False,8,1.0,1.0
1716717714993,BLUE_JUDGE_PUNCH,1716717714993.0,1.0,1716699715014.0,1,0.0,0.0,0-0,0.0,0.0,0.0,0.0,0.0,0.0,0.0,0.0,0.0,0.0,0.0,0.0,False,1,1.0,1.0
1716717715441,BLUE_JUDGE_PUNCH,1716717715441.0,1.0,1716699714566.0,2,0.0,0.0,0-0,0.0,0.0,0.0,0.0,0.0,0.0,0.0,0.0,0.0,0.0,0.0,0.0,False,2,1.0,1.0
1716717715444,BLUE_PUNCH_POINT,1716717715441.0,1.0,1716699714564.0,JUDGE,1.0,0.0,1-0,1.0,0.0,1.0,0.0,0.0,0.0,0.0,0.0,0.0,0.0,0.0,0.0,False,JUDGE,1.0,1.0
1716717715804,TIMEOUT,1716717715804.0,1.0,1716699714212.0,,0.0,0.0,1-0,1.0,0.0,1.0,0.0,0.0,0.0,0.0,0.0,0.0,0.0,0.0,0.0,False,,1.0,1.0
1716717718881,RESUME,1716717718881.0,1.0,1716699714212.0,,0.0,0.0,1-0,1.0,0.0,1.0,0.0,0.0,0.0,0.0,0.0,0.0,0.0,0.0,0.0,False,,1.0,1.0
1716717728059,RED_HEAD_HIT,1716717728059.0,1.0,1716699705034.0,21,0.0,0.0,1-0,1.0,0.0,1.0,0.0,0.0,0.0,0.0,0.0,0.0,0.0,0.0,0.0,False,21,1.0,1.0
1716717728062,RED_HEAD_POINT,1716717728059.0,1.0,1716699705032.0,SENSOR,0.0,3.0,1-3,1.0,3.0,1.0,3.0,0.0,0.0,0.0,0.0,0.0,0.0,0.0,0.0,False,SENSOR,1.0,1.0
1716717728714,TIMEOUT,1716717728714.0,1.0,1716699704389.0,,0.0,0.0,1-3,1.0,3.0,1.0,3.0,0.0,0.0,0.0,0.0,0.0,0.0,0.0,0.0,False,,1.0,1.0
1716717729619,OT_RED_JUDGE_BODY_TECH,1716717729619.0,1.0,1716699704389.0,1,0.0,0.0,1-3,1.0,3.0,1.0,3.0,0.0,0.0,0.0,0.0,0.0,0.0,0.0,0.0,False,1,1.0,1.0
1716717734515,SCOREBOARD,1716717734515.0,1.0,1716699704389.0,,0.0,0.0,1-3,1.0,3.0,1.0,3.0,0.0,0.0,0.0,0.0,0.0,0.0,0.0,0.0,False,,1.0,1.0
1716717737561,RED_HEAD_TECH_POINT,1716717737560.0,1.0,1716699704389.0,SCOREBOARD_EDITOR,0.0,2.0,1-5,1.0,5.0,1.0,5.0,0.0,0.0,0.0,0.0,0.0,0.0,0.0,0.0,False,SCOREBOARD_EDITOR,1.0,1.0
1716717739372,RESUME,1716717739372.0,1.0,1716699704389.0,,0.0,0.0,1-5,1.0,5.0,1.0,5.0,0.0,0.0,0.0,0.0,0.0,0.0,0.0,0.0,False,,1.0,1.0
1716717741438,BLUE_BODY_HIT,1716717741438.0,1.0,1716699702323.0,47,0.0,0.0,1-5,1.0,5.0,1.0,5.0,0.0,0.0,0.0,0.0,0.0,0.0,0.0,0.0,False,47,1.0,1.0
1716717741441,BLUE_BODY_POINT,1716717741438.0,1.0,1716699702322.0,SENSOR,2.0,0.0,3-5,3.0,5.0,3.0,5.0,0.0,0.0,0.0,0.0,0.0,0.0,0.0,0.0,False,SENSOR,1.0,1.0
1716717741624,BLUE_JUDGE_BODY_TECH,1716717741624.0,1.0,1716699702138.0,1,0.0,0.0,3-5,3.0,5.0,3.0,5.0,0.0,0.0,0.0,0.0,0.0,0.0,0.0,0.0,False,1,1.0,1.0
1716717742581,BLUE_JUDGE_BODY_TECH,1716717742581.0,1.0,1716699701181.0,2,0.0,0.0,3-5,3.0,5.0,3.0,5.0,0.0,0.0,0.0,0.0,0.0,0.0,0.0,0.0,False,2,1.0,1.0
1716717742648,BLUE_JUDGE_BODY_TECH,1716717742648.0,1.0,1716699701115.0,1,0.0,0.0,3-5,3.0,5.0,3.0,5.0,0.0,0.0,0.0,0.0,0.0,0.0,0.0,0.0,False,1,1.0,1.0
1716717743221,TIMEOUT,1716717743221.0,1.0,1716699700551.0,,0.0,0.0,3-5,3.0,5.0,3.0,5.0,0.0,0.0,0.0,0.0,0.0,0.0,0.0,0.0,False,,1.0,1.0
1716717745469,SCOREBOARD,1716717745469.0,1.0,1716699700549.0,,0.0,0.0,3-5,3.0,5.0,3.0,5.0,0.0,0.0,0.0,0.0,0.0,0.0,0.0,0.0,False,,1.0,1.0
1716717752345,BLUE_BODY_TECH_POINT,1716717752344.0,1.0,1716699700549.0,SCOREBOARD_EDITOR,2.0,0.0,5-5,5.0,5.0,5.0,5.0,0.0,0.0,0.0,0.0,0.0,0.0,0.0,0.0,False,SCOREBOARD_EDITOR,1.0,1.0
1716717754650,RESUME,1716717754650.0,1.0,1716699700549.0,,0.0,0.0,5-5,5.0,5.0,5.0,5.0,0.0,0.0,0.0,0.0,0.0,0.0,0.0,0.0,False,,1.0,1.0
1716717760389,BLUE_BODY_HIT,1716717760389.0,1.0,1716699694809.0,9,0.0,0.0,5-5,5.0,5.0,5.0,5.0,0.0,0.0,0.0,0.0,0.0,0.0,0.0,0.0,False,9,1.0,1.0
1716717760849,RED_BODY_HIT,1716717760849.0,1.0,1716699694351.0,24,0.0,0.0,5-5,5.0,5.0,5.0,5.0,0.0,0.0,0.0,0.0,0.0,0.0,0.0,0.0,False,24,1.0,1.0
1716717760852,RED_BODY_POINT,1716717760849.0,1.0,1716699694349.0,SENSOR,0.0,2.0,5-7,5.0,7.0,5.0,7.0,0.0,0.0,0.0,0.0,0.0,0.0,0.0,0.0,False,SENSOR,1.0,1.0
1716717761576,RED_BODY_HIT,1716717761576.0,1.0,1716699693623.0,14,0.0,0.0,5-7,5.0,7.0,5.0,7.0,0.0,0.0,0.0,0.0,0.0,0.0,0.0,0.0,False,14,1.0,1.0
1716717761591,BLUE_BODY_HIT,1716717761591.0,1.0,1716699693609.0,19,0.0,0.0,5-7,5.0,7.0,5.0,7.0,0.0,0.0,0.0,0.0,0.0,0.0,0.0,0.0,False,19,1.0,1.0
1716717766970,RED_HEAD_HIT,1716717766970.0,1.0,1716699688228.0,17,0.0,0.0,5-7,5.0,7.0,5.0,7.0,0.0,0.0,0.0,0.0,0.0,0.0,0.0,0.0,False,17,1.0,1.0
1716717766972,RED_HEAD_POINT,1716717766970.0,1.0,1716699688228.0,SENSOR,0.0,3.0,5-10,5.0,10.0,5.0,10.0,0.0,0.0,0.0,0.0,0.0,0.0,0.0,0.0,False,SENSOR,1.0,1.0
1716717767591,RED_BODY_HIT,1716717767591.0,1.0,1716699687608.0,36,0.0,0.0,5-12,5.0,12.0,5.0,10.0,0.0,0.0,0.0,0.0,0.0,0.0,0.0,0.0,False,36,1.0,1.0
1716717767593,RED_BODY_POINT,1716717767591.0,1.0,1716699687606.0,SENSOR,0.0,2.0,5-12,5.0,12.0,5.0,12.0,0.0,0.0,0.0,0.0,0.0,0.0,0.0,0.0,False,SENSOR,1.0,1.0
1716717768239,BLUE_BODY_HIT,1716717768239.0,1.0,1716699686961.0,19,0.0,0.0,5-12,5.0,12.0,5.0,12.0,0.0,0.0,0.0,0.0,0.0,0.0,0.0,0.0,False,19,1.0,1.0
1716717768502,RED_BODY_HIT,1716717768502.0,1.0,1716699686697.0,10,0.0,0.0,5-12,5.0,12.0,5.0,12.0,0.0,0.0,0.0,0.0,0.0,0.0,0.0,0.0,False,10,1.0,1.0
1716717769099,BLUE_BODY_HIT,1716717769099.0,1.0,1716699686100.0,33,0.0,0.0,7-12,7.0,12.0,5.0,12.0,0.0,0.0,0.0,0.0,0.0,0.0,0.0,0.0,False,33,1.0,1.0
1716717769102,BLUE_BODY_POINT,1716717769099.0,1.0,1716699686100.0,SENSOR,2.0,0.0,7-12,7.0,12.0,7.0,12.0,0.0,0.0,0.0,0.0,0.0,0.0,0.0,0.0,False,SENSOR,1.0,1.0
1716717769446,RED_BODY_HIT,1716717769446.0,1.0,1716699685752.0,8,0.0,0.0,7-12,7.0,12.0,7.0,12.0,0.0,0.0,0.0,0.0,0.0,0.0,0.0,0.0,False,8,1.0,1.0
1716717773280,TIMEOUT,1716717773280.0,1.0,1716699681929.0,,0.0,0.0,7-12,7.0,12.0,7.0,12.0,0.0,0.0,0.0,0.0,0.0,0.0,0.0,0.0,False,,1.0,1.0
1716717782146,RESUME,1716717782146.0,1.0,1716699681929.0,,0.0,0.0,7-12,7.0,12.0,7.0,12.0,0.0,0.0,0.0,0.0,0.0,0.0,0.0,0.0,False,,1.0,1.0
1716717783455,BLUE_JUDGE_PUNCH,1716717783454.0,1.0,1716699680621.0,1,0.0,0.0,7-12,7.0,12.0,7.0,12.0,0.0,0.0,0.0,0.0,0.0,0.0,0.0,0.0,False,1,1.0,1.0
1716717784865,TIMEOUT,1716717784865.0,1.0,1716699679220.0,,0.0,0.0,7-12,7.0,12.0,7.0,12.0,0.0,0.0,0.0,0.0,0.0,0.0,0.0,0.0,False,,1.0,1.0
1716717789670,RESUME,1716717789670.0,1.0,1716699679220.0,,0.0,0.0,7-12,7.0,12.0,7.0,12.0,0.0,0.0,0.0,0.0,0.0,0.0,0.0,0.0,False,,1.0,1.0
1716717792426,RED_BODY_HIT,1716717792426.0,1.0,1716699676464.0,9,0.0,0.0,7-12,7.0,12.0,7.0,12.0,0.0,0.0,0.0,0.0,0.0,0.0,0.0,0.0,False,9,1.0,1.0
1716717795364,BLUE_JUDGE_BODY_TECH,1716717795364.0,1.0,1716699673527.0,1,0.0,0.0,7-12,7.0,12.0,7.0,12.0,0.0,0.0,0.0,0.0,0.0,0.0,0.0,0.0,False,1,1.0,1.0
1716717795497,RED_HEAD_HIT,1716717795497.0,1.0,1716699673393.0,15,0.0,0.0,7-12,7.0,12.0,7.0,12.0,0.0,0.0,0.0,0.0,0.0,0.0,0.0,0.0,False,15,1.0,1.0
1716717795499,RED_HEAD_POINT,1716717795497.0,1.0,1716699673393.0,SENSOR,0.0,3.0,7-15,7.0,15.0,7.0,15.0,0.0,0.0,0.0,0.0,0.0,0.0,0.0,0.0,False,SENSOR,1.0,1.0
1716717795601,RED_JUDGE_HEAD_TECH,1716717795601.0,1.0,1716699673290.0,1,0.0,0.0,7-15,7.0,15.0,7.0,15.0,0.0,0.0,0.0,0.0,0.0,0.0,0.0,0.0,False,1,1.0,1.0
1716717796253,RED_JUDGE_HEAD_TECH,1716717796253.0,1.0,1716699672637.0,1,0.0,0.0,7-15,7.0,15.0,7.0,15.0,0.0,0.0,0.0,0.0,0.0,0.0,0.0,0.0,False,1,1.0,1.0
1716717796470,TIMEOUT,1716717796470.0,1.0,1716699672429.0,,0.0,0.0,7-15,7.0,15.0,7.0,15.0,0.0,0.0,0.0,0.0,0.0,0.0,0.0,0.0,False,,1.0,1.0
1716717798994,SCOREBOARD,1716717798994.0,1.0,1716699672429.0,,0.0,0.0,7-15,7.0,15.0,7.0,15.0,0.0,0.0,0.0,0.0,0.0,0.0,0.0,0.0,False,,1.0,1.0
1716717806721,BLUE_ADD_GAME_JEON,1716717806720.0,1.0,1716699672429.0,SCOREBOARD_EDITOR,0.0,0.0,7-16,7.0,16.0,7.0,15.0,1.0,0.0,0.0,0.0,0.0,0.0,0.0,0.0,False,SCOREBOARD_EDITOR,1.0,1.0
1716717809129,SCOREBOARD,1716717809129.0,1.0,1716699672429.0,,0.0,0.0,7-16,7.0,16.0,7.0,15.0,1.0,0.0,0.0,0.0,0.0,0.0,0.0,0.0,False,,1.0,1.0
1716717811795,RED_HEAD_TECH_POINT,1716717811796.0,1.0,1716699672429.0,SCOREBOARD_EDITOR,0.0,2.0,7-18,7.0,18.0,7.0,17.0,1.0,0.0,0.0,0.0,0.0,0.0,0.0,0.0,False,SCOREBOARD_EDITOR,1.0,1.0
1716717814170,RESUME,1716717814170.0,1.0,1716699672429.0,,0.0,0.0,7-18,7.0,18.0,7.0,17.0,1.0,0.0,0.0,0.0,0.0,0.0,0.0,0.0,False,,1.0,1.0
1716717817366,RED_BODY_HIT,1716717817366.0,1.0,1716699669232.0,39,0.0,0.0,7-18,7.0,18.0,7.0,17.0,1.0,0.0,0.0,0.0,0.0,0.0,0.0,0.0,False,39,1.0,1.0
1716717817371,RED_BODY_POINT,1716717817366.0,1.0,1716699669232.0,SENSOR,0.0,2.0,7-20,7.0,20.0,7.0,19.0,1.0,0.0,1.0,0.0,0.0,0.0,0.0,0.0,False,SENSOR,1.0,1.0
1716717817386,TIMEOUT,1716717817386.0,1.0,1716699600000.0,,0.0,0.0,7-20,7.0,20.0,7.0,19.0,1.0,0.0,1.0,0.0,0.0,0.0,0.0,0.0,False,,1.0,1.0
1716717817855,OT_BLUE_JUDGE_BODY_TECH,1716717817855.0,1.0,1716699600000.0,1,0.0,0.0,7-20,7.0,20.0,7.0,19.0,1.0,0.0,1.0,0.0,0.0,0.0,0.0,0.0,False,1,1.0,1.0
1716717823395,END_ROUND,1716717823395.0,1.0,1716699600000.0,,0.0,0.0,7-20,7.0,20.0,7.0,19.0,1.0,0.0,1.0,0.0,0.0,0.0,0.0,0.0,False,,1.0,1.0
1716717886782,START_ROUND,1716717886782.0,2.0,1716699720000.0,,0.0,0.0,0-0,0.0,0.0,0.0,0.0,0.0,0.0,1.0,0.0,0.0,0.0,0.0,0.0,False,,1.0,1.0
1716717890481,RED_BODY_HIT,1716717890481.0,2.0,1716699716301.0,8,0.0,0.0,0-0,0.0,0.0,0.0,0.0,0.0,0.0,1.0,0.0,0.0,0.0,0.0,0.0,False,8,1.0,1.0
1716717892214,RED_BODY_HIT,1716717892214.0,2.0,1716699714567.0,10,0.0,0.0,0-0,0.0,0.0,0.0,0.0,0.0,0.0,1.0,0.0,0.0,0.0,0.0,0.0,False,10,1.0,1.0
1716717892780,RED_BODY_HIT,1716717892780.0,2.0,1716699714003.0,28,0.0,0.0,0-0,0.0,0.0,0.0,0.0,0.0,0.0,1.0,0.0,0.0,0.0,0.0,0.0,False,28,1.0,1.0
1716717892781,RED_BODY_POINT,1716717892780.0,2.0,1716699714001.0,SENSOR,0.0,2.0,0-2,0.0,2.0,0.0,2.0,0.0,0.0,1.0,0.0,0.0,0.0,0.0,0.0,False,SENSOR,1.0,1.0
1716717897050,RED_BODY_HIT,1716717897049.0,2.0,1716699709732.0,21,0.0,0.0,0-2,0.0,2.0,0.0,2.0,0.0,0.0,1.0,0.0,0.0,0.0,0.0,0.0,False,21,1.0,1.0
1716717900918,RED_BODY_HIT,1716717900918.0,2.0,1716699705864.0,15,0.0,0.0,0-2,0.0,2.0,0.0,2.0,0.0,0.0,1.0,0.0,0.0,0.0,0.0,0.0,False,15,1.0,1.0
1716717907320,TIMEOUT,1716717907320.0,2.0,1716699699472.0,,0.0,0.0,0-2,0.0,2.0,0.0,2.0,0.0,0.0,1.0,0.0,0.0,0.0,0.0,0.0,False,,1.0,1.0
1716717912722,RESUME,1716717912722.0,2.0,1716699699470.0,,0.0,0.0,0-2,0.0,2.0,0.0,2.0,0.0,0.0,1.0,0.0,0.0,0.0,0.0,0.0,False,,1.0,1.0
1716717914932,RED_BODY_HIT,1716717914931.0,2.0,1716699697261.0,23,0.0,0.0,0-2,0.0,2.0,0.0,2.0,0.0,0.0,1.0,0.0,0.0,0.0,0.0,0.0,False,23,1.0,1.0
1716717914935,RED_BODY_POINT,1716717914931.0,2.0,1716699697260.0,SENSOR,0.0,2.0,0-4,0.0,4.0,0.0,4.0,0.0,0.0,1.0,0.0,0.0,0.0,0.0,0.0,False,SENSOR,1.0,1.0
1716717916197,TIMEOUT,1716717916197.0,2.0,1716699696006.0,,0.0,0.0,0-4,0.0,4.0,0.0,4.0,0.0,0.0,1.0,0.0,0.0,0.0,0.0,0.0,False,,1.0,1.0
1716717922621,BLUE_ADD_GAME_JEON,1716717922619.0,2.0,1716699696004.0,MAIN_CONTROL,0.0,0.0,0-5,0.0,5.0,0.0,4.0,1.0,0.0,1.0,0.0,0.0,0.0,0.0,0.0,False,MAIN_CONTROL,1.0,1.0
1716717924000,RESUME,1716717924000.0,2.0,1716699696004.0,,0.0,0.0,0-5,0.0,5.0,0.0,4.0,1.0,0.0,1.0,0.0,0.0,0.0,0.0,0.0,False,,1.0,1.0
1716717927869,BLUE_BODY_HIT,1716717927869.0,2.0,1716699692135.0,7,0.0,0.0,0-5,0.0,5.0,0.0,4.0,1.0,0.0,1.0,0.0,0.0,0.0,0.0,0.0,False,7,1.0,1.0
1716717930005,TIMEOUT,1716717930005.0,2.0,1716699690010.0,,0.0,0.0,0-5,0.0,5.0,0.0,4.0,1.0,0.0,1.0,0.0,0.0,0.0,0.0,0.0,False,,1.0,1.0
1716717933249,RESUME,1716717933249.0,2.0,1716699690008.0,,0.0,0.0,0-5,0.0,5.0,0.0,4.0,1.0,0.0,1.0,0.0,0.0,0.0,0.0,0.0,False,,1.0,1.0
1716717939663,RED_JUDGE_PUNCH,1716717939663.0,2.0,1716699683595.0,2,0.0,0.0,0-5,0.0,5.0,0.0,4.0,1.0,0.0,1.0,0.0,0.0,0.0,0.0,0.0,False,2,1.0,1.0
1716717940560,TIMEOUT,1716717940560.0,2.0,1716699682708.0,,0.0,0.0,0-5,0.0,5.0,0.0,4.0,1.0,0.0,1.0,0.0,0.0,0.0,0.0,0.0,False,,1.0,1.0
1716717940813,OT_RED_JUDGE_PUNCH,1716717940813.0,2.0,1716699682706.0,1,0.0,0.0,0-5,0.0,5.0,0.0,4.0,1.0,0.0,1.0,0.0,0.0,0.0,0.0,0.0,False,1,1.0,1.0
1716717946760,SCOREBOARD,1716717946760.0,2.0,1716699682706.0,,0.0,0.0,0-5,0.0,5.0,0.0,4.0,1.0,0.0,1.0,0.0,0.0,0.0,0.0,0.0,False,,1.0,1.0
1716717949072,RED_PUNCH_POINT,1716717949072.0,2.0,1716699682706.0,SCOREBOARD_EDITOR,0.0,1.0,0-6,0.0,6.0,0.0,5.0,1.0,0.0,1.0,0.0,0.0,0.0,0.0,0.0,False,SCOREBOARD_EDITOR,1.0,1.0
1716717950332,RESUME,1716717950332.0,2.0,1716699682706.0,,0.0,0.0,0-6,0.0,6.0,0.0,5.0,1.0,0.0,1.0,0.0,0.0,0.0,0.0,0.0,False,,1.0,1.0
1716717951252,RED_BODY_HIT,1716717951252.0,2.0,1716699681785.0,14,0.0,0.0,0-6,0.0,6.0,0.0,5.0,1.0,0.0,1.0,0.0,0.0,0.0,0.0,0.0,False,14,1.0,1.0
1716717955514,TIMEOUT,1716717955514.0,2.0,1716699677534.0,,0.0,0.0,0-6,0.0,6.0,0.0,5.0,1.0,0.0,1.0,0.0,0.0,0.0,0.0,0.0,False,,1.0,1.0
1716717957747,RESUME,1716717957747.0,2.0,1716699677533.0,,0.0,0.0,0-6,0.0,6.0,0.0,5.0,1.0,0.0,1.0,0.0,0.0,0.0,0.0,0.0,False,,1.0,1.0
1716717962221,RED_JUDGE_BODY_TECH,1716717962221.0,2.0,1716699673059.0,1,0.0,0.0,0-6,0.0,6.0,0.0,5.0,1.0,0.0,1.0,0.0,0.0,0.0,0.0,0.0,False,1,1.0,1.0
1716717962866,TIMEOUT,1716717962866.0,2.0,1716699672424.0,,0.0,0.0,0-6,0.0,6.0,0.0,5.0,1.0,0.0,1.0,0.0,0.0,0.0,0.0,0.0,False,,1.0,1.0
1716717968673,RED_ADD_GAME_JEON,1716717968671.0,2.0,1716699672424.0,MAIN_CONTROL,0.0,0.0,1-6,1.0,6.0,0.0,5.0,1.0,1.0,1.0,0.0,0.0,0.0,0.0,0.0,False,MAIN_CONTROL,1.0,1.0
1716717971579,RESUME,1716717971579.0,2.0,1716699672424.0,,0.0,0.0,1-6,1.0,6.0,0.0,5.0,1.0,1.0,1.0,0.0,0.0,0.0,0.0,0.0,False,,1.0,1.0
1716717972360,BLUE_BODY_HIT,1716717972360.0,2.0,1716699671643.0,40,0.0,0.0,1-6,1.0,6.0,0.0,5.0,1.0,1.0,1.0,0.0,0.0,0.0,0.0,0.0,False,40,1.0,1.0
1716717972363,BLUE_BODY_POINT,1716717972360.0,2.0,1716699671641.0,SENSOR,2.0,0.0,3-6,3.0,6.0,2.0,5.0,1.0,1.0,1.0,0.0,0.0,0.0,0.0,0.0,False,SENSOR,1.0,1.0
1716717974406,TIMEOUT,1716717974406.0,2.0,1716699669607.0,,0.0,0.0,3-6,3.0,6.0,2.0,5.0,1.0,1.0,1.0,0.0,0.0,0.0,0.0,0.0,False,,1.0,1.0
1716717977019,RESUME,1716717977019.0,2.0,1716699669605.0,,0.0,0.0,3-6,3.0,6.0,2.0,5.0,1.0,1.0,1.0,0.0,0.0,0.0,0.0,0.0,False,,1.0,1.0
1716717981284,RED_HEAD_HIT,1716717981284.0,2.0,1716699665342.0,24,0.0,0.0,3-6,3.0,6.0,2.0,5.0,1.0,1.0,1.0,0.0,0.0,0.0,0.0,0.0,False,24,1.0,1.0
1716717981287,RED_HEAD_POINT,1716717981284.0,2.0,1716699665340.0,SENSOR,0.0,3.0,3-9,3.0,9.0,2.0,8.0,1.0,1.0,1.0,0.0,0.0,0.0,0.0,0.0,False,SENSOR,1.0,1.0
1716717986417,RED_HEAD_HIT,1716717986417.0,2.0,1716699660207.0,22,0.0,0.0,3-9,3.0,9.0,2.0,8.0,1.0,1.0,1.0,0.0,0.0,0.0,0.0,0.0,False,22,1.0,1.0
1716717986420,RED_HEAD_POINT,1716717986417.0,2.0,1716699660205.0,SENSOR,0.0,3.0,3-12,3.0,12.0,2.0,11.0,1.0,1.0,1.0,0.0,0.0,0.0,0.0,0.0,False,SENSOR,1.0,1.0
1716717987557,TIMEOUT,1716717987557.0,2.0,1716699659078.0,,0.0,0.0,3-12,3.0,12.0,2.0,11.0,1.0,1.0,1.0,0.0,0.0,0.0,0.0,0.0,False,,1.0,1.0
1716717988905,NETWORK_ERROR,1716717988905.0,2.0,1716699659078.0,,0.0,0.0,3-12,3.0,12.0,2.0,11.0,1.0,1.0,1.0,0.0,0.0,0.0,0.0,0.0,False,,1.0,1.0
1716717988917,TIMEOUT,1716717988917.0,2.0,1716699659078.0,,0.0,0.0,3-12,3.0,12.0,2.0,11.0,1.0,1.0,1.0,0.0,0.0,0.0,0.0,0.0,False,,1.0,1.0
1716718016313,BLUE_ADD_GAME_JEON,1716718016312.0,2.0,1716699659078.0,MAIN_CONTROL,0.0,0.0,3-13,3.0,13.0,2.0,11.0,2.0,1.0,1.0,0.0,0.0,0.0,0.0,0.0,False,MAIN_CONTROL,1.0,1.0
1716718021548,RESUME,1716718021548.0,2.0,1716699659078.0,,0.0,0.0,3-13,3.0,13.0,2.0,11.0,2.0,1.0,1.0,0.0,0.0,0.0,0.0,0.0,False,,1.0,1.0
1716718023826,RED_HEAD_HIT,1716718023826.0,2.0,1716699656801.0,24,0.0,0.0,3-13,3.0,13.0,2.0,11.0,2.0,1.0,1.0,0.0,0.0,0.0,0.0,0.0,False,24,1.0,1.0
1716718023829,RED_HEAD_POINT,1716718023826.0,2.0,1716699656801.0,SENSOR,0.0,3.0,3-16,3.0,16.0,2.0,14.0,2.0,1.0,3.0,1.0,0.0,0.0,0.0,0.0,False,SENSOR,1.0,1.0
1716718023843,TIMEOUT,1716718023843.0,2.0,1716699600000.0,,0.0,0.0,3-16,3.0,16.0,2.0,14.0,2.0,1.0,3.0,1.0,0.0,0.0,0.0,0.0,False,,1.0,1.0
1716718024114,OT_RED_BODY_HIT,1716718024114.0,2.0,1716699600000.0,15,0.0,0.0,3-16,3.0,16.0,2.0,14.0,2.0,1.0,3.0,1.0,0.0,0.0,0.0,0.0,False,15,1.0,1.0
1716718032518,END_ROUND,1716718032518.0,2.0,1716699600000.0,,0.0,0.0,3-16,3.0,16.0,2.0,14.0,2.0,1.0,3.0,1.0,0.0,0.0,0.0,0.0,False,,1.0,1.0
1716718032558,MATCH_FINAL_NEEDS_CONFIRM_DECISION,1716718032558.0,2.0,1716699600000.0,,0.0,0.0,3-16,3.0,16.0,2.0,14.0,2.0,1.0,3.0,1.0,0.0,0.0,0.0,0.0,False,,1.0,1.0
1716718034365,MATCH_FINISHED,1716718034365.0,2.0,1716699600000.0,RED - PTF,0.0,0.0,3-16,3.0,16.0,2.0,14.0,2.0,1.0,3.0,1.0,0.0,0.0,0.0,0.0,False,RED - PTF,1.0,1.0
