Unnamed: 0,Unnamed: 1,Unnamed: 2,Unnamed: 3,Unnamed: 4,Unnamed: 5,Unnamed: 6,Unnamed: 7,Unnamed: 8,Unnamed: 9,Unnamed: 10,Unnamed: 11,Unnamed: 12,Unnamed: 13,Unnamed: 14,Unnamed: 15,Unnamed: 16,Unnamed: 17,Unnamed: 18,Unnamed: 19,Unnamed: 20
,2,Blue add point,5.01,11:37:30,S,6 - 10,2,7,,,,,,,,,,,,
,2,Remove blue gam-jeom,5.01,11:37:34,J,6 - 9,,,,,,-1,,,,,,,,
,2,Match resume,5.01,11:37:44,S,6 - 9,,,,,,,,,,,,,,
,2,Red head point,4.04,11:37:45,HP,6 - 12,,,,,,3,12,,,,,,,
,2,Red head point,1.85,11:37:47,HP,6 - 15,,,,,,3,28,,,,,,,
,2,Time out,1.03,11:37:48,S,6 - 15,,,,,,,,,,,,,,
,2,Red gam-jeom,1.03,11:37:52,CR,7 - 15,1,,,,,,,,,,,,,
,2,Match resume,1.03,11:37:54,S,7 - 15,,,,,,,,,,,,,,
,2,Stop round 2,0:00,11:37:55,S,7 - 15,,,,,,,,,,,,,,
,2,Red gam-jeom,0:00,11:37:59,CR,8 - 15,1,,,,,,,,,,,,,
