Unnamed: 0,Unnamed: 1,Unnamed: 2,Unnamed: 3,Unnamed: 4,Unnamed: 5,Unnamed: 6,Unnamed: 7,Unnamed: 8,Unnamed: 9,Unnamed: 10,Unnamed: 11,Unnamed: 12,Unnamed: 13,Unnamed: 14,Unnamed: 15,Unnamed: 16,Unnamed: 17,Unnamed: 18,Unnamed: 19,Unnamed: 20
,3,Match resume,0:34,10:33:30,S,4 - 2,,,,,,,,,,,,,,
,3,Time out,0:29,10:33:35,S,4 - 2,,,,,,,,,,,,,,
,3,Red gam-jeom,0:29,10:33:40,CR,5 - 2,1,,,,,,,,,,,,,
,3,Match resume,0:29,10:33:42,S,5 - 2,,,,,,,,,,,,,,
,3,Blue body hit,0:26,10:33:45,BH,5 - 2,,9,,,,,,,,,,,,
,3,Blue head point,0:25,10:33:46,HP,8 - 2,3,59,,,,,,,,,,,,
,3,Time out,0:24,10:33:47,S,8 - 2,,,,,,,,,,,,,,
,3,Match resume,0:24,10:33:53,S,8 - 2,,,,,,,,,,,,,,
,3,Blue body hit,0:19,10:33:57,BH,8 - 2,,5,,,,,,,,,,,,
,3,Time out,0:17,10:33:59,S,8 - 2,,,,,,,,,,,,,,
,3,Match resume,0:17,10:34:02,S,8 - 2,,,,,,,,,,,,,,
,3,Red body point,0:17,10:34:03,BP,8 - 4,,,,,,2,31,,,,,,,
,3,Time out,0:12,10:34:08,S,8 - 4,,,,,,,,,,,,,,
