Unnamed: 0,Unnamed: 1,Unnamed: 2,Unnamed: 3,Unnamed: 4,Unnamed: 5,Unnamed: 6,Unnamed: 7,Unnamed: 8,Unnamed: 9,Unnamed: 10,Unnamed: 11,Unnamed: 12,Unnamed: 13,Unnamed: 14,Unnamed: 15,Unnamed: 16,Unnamed: 17,Unnamed: 18,Unnamed: 19,Unnamed: 20
,3,Match resume,0:14,10:04:49,S,2 - 5,,,,,,,,,,,,,,
,3,Red body hit,0:14,10:04:50,BH,2 - 5,,,,,,,8,,,,,,,
,3,Red body hit,0:13,10:04:51,BH,2 - 5,,,,,,,7,,,,,,,
,3,Blue body hit,0:11,10:04:53,BH,2 - 5,,14,,,,,,,,,,,,
,3,Red head point,8.48,10:04:54,HP,2 - 8,,,,,,3,1,,,,,,,
,3,Blue tech judge,7.84,10:04:55,J,2 - 8,,,,T,,,,,,,,,,
,3,Blue body point,5.79,10:04:57,BP,4 - 8,2,31,,,,,,,,,,,,
,3,Time out,4.64,10:04:58,S,4 - 8,,,,,,,,,,,,,,
,3,Red gam-jeom,4.64,10:05:04,CR,5 - 8,1,,,,,,,,,,,,,
,3,Match resume,4.64,10:05:05,S,5 - 8,,,,,,,,,,,,,,
,3,Time out,2.40,10:05:07,S,5 - 8,,,,,,,,,,,,,,
,3,Red gam-jeom,2.40,10:05:14,CR,6 - 8,1,,,,,,,,,,,,,
,3,Match resume,2.40,10:05:17,S,6 - 8,,,,,,,,,,,,,,
,3,Stop round 3,0:00,10:05:20,S,6 - 8,,,,,,,,,,,,,,
