Unnamed: 0,Unnamed: 1,Unnamed: 2,Unnamed: 3,Unnamed: 4,Unnamed: 5,Unnamed: 6,Unnamed: 7,Unnamed: 8,Unnamed: 9,Unnamed: 10,Unnamed: 11,Unnamed: 12,Unnamed: 13,Unnamed: 14,Unnamed: 15,Unnamed: 16,Unnamed: 17,Unnamed: 18,Unnamed: 19,Unnamed: 20
,2,Blue add point,1:27,18:58:07,S,3 - 0,3,3,,,,,,,,,,,,
,2,Match resume,1:27,18:58:11,S,3 - 0,,,,,,,,,,,,,,
,2,Red body hit,1:26,18:58:13,BH,3 - 0,,,,,,,16,,,,,,,
,2,Blue body hit,1:26,18:58:13,BH,3 - 0,,19,,,,,,,,,,,,
,2,Time out,1:24,18:58:14,S,3 - 0,,,,,,,,,,,,,,
,2,Blue gam-jeom,1:24,18:58:19,CR,3 - 1,,,,,,1,,,,,,,,
,2,Match resume,1:24,18:58:22,S,3 - 1,,,,,,,,,,,,,,
,2,Blue tech judge,1:21,18:58:26,J,3 - 1,,,T,,,,,,,,,,,
,2,Red tech judge,1:19,18:58:28,J,3 - 1,,,,,,,,T,,,,,,
,2,Time out,1:18,18:58:28,S,3 - 1,,,,,,,,,,,,,,
,2,Red punch judge,1:18,18:58:29,J,3 - 1,,,,,,,,,P,,,,,
,2,Red gam-jeom,1:18,18:58:37,CR,4 - 1,1,,,,,,,,,,,,,
,2,Kye-shi match pause,1:18,18:58:50,CR,4 - 1,,,,,,,,,,,,,,
,2,Kye-shi match pause,1:18,18:59:51,CR,4 - 1,,,,,,,,,,,,,,
,2,Kye-shi match resume,1:18,19:00:30,CR,4 - 1,,,,,,,,,,,,,,
,2,Red punch judge,1:15,19:00:34,J,4 - 1,,,,,,,,,P,,,,,
,2,Time out,1:14,19:00:35,S,4 - 1,,,,,,,,,,,,,,
,2,Blue gam-jeom,1:14,19:00:41,CR,4 - 2,,,,,,1,,,,,,,,
