Unnamed: 0,Unnamed: 1,Unnamed: 2,Unnamed: 3,Unnamed: 4,Unnamed: 5,Unnamed: 6,Unnamed: 7,Unnamed: 8,Unnamed: 9,Unnamed: 10,Unnamed: 11,Unnamed: 12,Unnamed: 13,Unnamed: 14,Unnamed: 15,Unnamed: 16,Unnamed: 17,Unnamed: 18,Unnamed: 19,Unnamed: 20
,2,Blue add point,1:21,12:37:05,S,4 - 5,3,3,,,,,,,,,,,,
,2,Match resume,1:21,12:37:13,S,4 - 5,,,,,,,,,,,,,,
,2,Red body point,1:20,12:37:15,BP,4 - 7,,,,,,2,21,,,,,,,
,2,Time out,1:19,12:37:15,S,4 - 7,,,,,,,,,,,,,,
,2,Match resume,1:19,12:37:17,S,4 - 7,,,,,,,,,,,,,,
,2,Time out,1:17,12:37:19,S,4 - 7,,,,,,,,,,,,,,
,2,Match resume,1:17,12:37:24,S,4 - 7,,,,,,,,,,,,,,
,2,Time out,1:12,12:37:29,S,4 - 7,,,,,,,,,,,,,,
,2,Blue tech judge,1:12,12:37:29,J,4 - 7,,,T,,,,,,,,,,,
