Unnamed: 0,Unnamed: 1,Unnamed: 2,Unnamed: 3,Unnamed: 4,Unnamed: 5,Unnamed: 6,Unnamed: 7,Unnamed: 8,Unnamed: 9,Unnamed: 10,Unnamed: 11,Unnamed: 12,Unnamed: 13,Unnamed: 14,Unnamed: 15,Unnamed: 16,Unnamed: 17,Unnamed: 18,Unnamed: 19,Unnamed: 20
,1,Red add point,0:36,14:17:03,S,2 - 8,,,,,,3,3,,,,,,,
,1,Match resume,0:36,14:17:11,S,2 - 8,,,,,,,,,,,,,,
,1,Red body point,0:36,14:17:12,BP,2 - 10,,,,,,2,21,,,,,,,
,1,Blue body point,0:33,14:17:15,BP,4 - 10,2,16,,,,,,,,,,,,
,1,Blue body hit,0:31,14:17:17,BH,4 - 10,,5,,,,,,,,,,,,
,1,Red body hit,0:18,14:17:29,BH,4 - 10,,,,,,,9,,,,,,,
,1,Time out,8.65,14:17:38,S,4 - 10,,,,,,,,,,,,,,
