Unnamed: 0,Unnamed: 1,Unnamed: 2,Unnamed: 3,Unnamed: 4,Unnamed: 5,Unnamed: 6,Unnamed: 7,Unnamed: 8,Unnamed: 9,Unnamed: 10,Unnamed: 11,Unnamed: 12,Unnamed: 13,Unnamed: 14,Unnamed: 15,Unnamed: 16,Unnamed: 17,Unnamed: 18,Unnamed: 19,Unnamed: 20
,2,Match resume,0:59,14:23:43,S,0 - 3,,,,,,,,,,,,,,
,2,Red body point,0:58,14:23:44,BP,0 - 5,,,,,,2,25,,,,,,,
,2,Red body hit,0:57,14:23:45,BH,0 - 5,,,,,,,4,,,,,,,
,2,Red body point,0:52,14:23:50,BP,0 - 7,,,,,,2,24,,,,,,,
,2,Blue body hit,0:51,14:23:50,BH,0 - 7,,4,,,,,,,,,,,,
,2,Red body hit,0:46,14:23:56,BH,0 - 7,,,,,,,4,,,,,,,
,2,Time out,0:41,14:24:01,S,0 - 7,,,,,,,,,,,,,,
,2,Match resume,0:41,14:24:03,S,0 - 7,,,,,,,,,,,,,,
,2,Time out,9.18,14:24:34,S,0 - 7,,,,,,,,,,,,,,
,2,Match resume,9.18,14:24:49,S,0 - 7,,,,,,,,,,,,,,
,2,Red body hit,6.26,14:24:52,BH,0 - 7,,,,,,,13,,,,,,,
,2,Stop round 2,0:00,14:24:58,S,0 - 7,,,,,,,,,,,,,,
