Unnamed: 0,Unnamed: 1,Unnamed: 2,Unnamed: 3,Unnamed: 4,Unnamed: 5,Unnamed: 6,Unnamed: 7,Unnamed: 8,Unnamed: 9,Unnamed: 10,Unnamed: 11,Unnamed: 12,Unnamed: 13,Unnamed: 14,Unnamed: 15,Unnamed: 16,Unnamed: 17,Unnamed: 18,Unnamed: 19,Unnamed: 20
,3,Match resume,1:48,18:17:00,S,0 - 0,,,,,,,,,,,,,,
,3,Time out,1:35,18:17:13,S,0 - 0,,,,,,,,,,,,,,
,3,Match resume,1:35,18:17:15,S,0 - 0,,,,,,,,,,,,,,
,3,Time out,0:42,18:18:07,S,0 - 0,,,,,,,,,,,,,,
,3,Match resume,0:42,18:18:13,S,0 - 0,,,,,,,,,,,,,,
,3,Time out,0:36,18:18:19,S,0 - 0,,,,,,,,,,,,,,
,3,Match resume,0:36,18:18:21,S,0 - 0,,,,,,,,,,,,,,
,3,Blue body point,0:30,18:18:27,BP,2 - 0,2,18,,,,,,,,,,,,
,3,Time out,0:15,18:18:42,S,2 - 0,,,,,,,,,,,,,,
