Unnamed: 0,Unnamed: 1,Unnamed: 2,Unnamed: 3,Unnamed: 4,Unnamed: 5,Unnamed: 6,Unnamed: 7,Unnamed: 8,Unnamed: 9,Unnamed: 10,Unnamed: 11,Unnamed: 12,Unnamed: 13,Unnamed: 14,Unnamed: 15,Unnamed: 16,Unnamed: 17,Unnamed: 18,Unnamed: 19,Unnamed: 20
,3,Match resume,0:12,10:36:01,S,8 - 4,,,,,,,,,,,,,,
,3,Red body hit,8.71,10:36:03,BH,8 - 4,,,,,,,4,,,,,,,
,3,Red tech judge,5.38,10:36:07,J,8 - 4,,,,,,,,,T,,,,,
,3,Red tech judge,3.51,10:36:09,J,8 - 4,,,,,,,,,T,,,,,
,3,Time out,1.74,10:36:10,S,8 - 4,,,,,,,,,,,,,,
,3,Match resume,1.74,10:36:13,S,8 - 4,,,,,,,,,,,,,,
,3,Red tech judge,0.20,10:36:14,J,8 - 4,,,,,,,,,T,,,,,
,3,Red tech judge,0.20,10:36:14,J,8 - 4,,,,,,,,T,,,,,,
,3,Stop round 3,0:00,10:36:14,S,8 - 4,,,,,,,,,,,,,,
,3,Blue gam-jeom,0:00,10:36:25,CR,8 - 5,,,,,,1,,,,,,,,
