Unnamed: 0,Unnamed: 1,Unnamed: 2,Unnamed: 3,Unnamed: 4,Unnamed: 5,Unnamed: 6,Unnamed: 7,Unnamed: 8,Unnamed: 9,Unnamed: 10,Unnamed: 11,Unnamed: 12,Unnamed: 13,Unnamed: 14,Unnamed: 15,Unnamed: 16,Unnamed: 17,Unnamed: 18,Unnamed: 19,Unnamed: 20
,1,Match resume,2:04,16:27:01,S,13 - 12,,,,,,,,,,,,,,
,1,Time out,1:59,16:27:06,S,13 - 12,,,,,,,,,,,,,,
,1,Match resume,1:59,16:27:09,S,13 - 12,,,,,,,,,,,,,,
,1,Blue body point,1:57,16:27:12,BP,15 - 12,2,26,,,,,,,,,,,,
,1,Time out,1:56,16:27:13,S,15 - 12,,,,,,,,,,,,,,
,1,Blue gam-jeom,1:56,16:27:27,CR,15 - 13,,,,,,1,,,,,,,,
