Unnamed: 0,Unnamed: 1,Unnamed: 2,Unnamed: 3,Unnamed: 4,Unnamed: 5,Unnamed: 6,Unnamed: 7,Unnamed: 8,Unnamed: 9,Unnamed: 10,Unnamed: 11,Unnamed: 12,Unnamed: 13,Unnamed: 14,Unnamed: 15,Unnamed: 16,Unnamed: 17,Unnamed: 18,Unnamed: 19,Unnamed: 20
,3,Match resume,0:15,18:20:07,S,2 - 0,,,,,,,,,,,,,,
,3,Time out,5.12,18:20:16,S,2 - 0,,,,,,,,,,,,,,
,3,Match resume,5.12,18:20:20,S,2 - 0,,,,,,,,,,,,,,
,3,Blue body hit,4.57,18:20:20,BH,2 - 0,,10,,,,,,,,,,,,
,3,Red body hit,4.43,18:20:20,BH,2 - 0,,,,,,,12,,,,,,,
,3,Stop round 3,0:00,18:20:25,S,2 - 0,,,,,,,,,,,,,,
