Unnamed: 0,Unnamed: 1,Unnamed: 2,Unnamed: 3,Unnamed: 4,Unnamed: 5,Unnamed: 6,Unnamed: 7,Unnamed: 8,Unnamed: 9,Unnamed: 10,Unnamed: 11,Unnamed: 12,Unnamed: 13,Unnamed: 14,Unnamed: 15,Unnamed: 16,Unnamed: 17,Unnamed: 18,Unnamed: 19,Unnamed: 20
,2,Red add point,8.93,12:03:14,S,0 - 4,,,,,,3,3,,,,,,,
,2,Time out,0:11,12:05:09,S,0 - 4,,,,,,,,,,,,,,
,2,Blue punch judge,0:11,12:05:28,J,0 - 4,,,,P,,,,,,,,,,
,2,Match resume,0:11,12:05:51,S,0 - 4,,,,,,,,,,,,,,
,2,Red head point,9.04,12:05:53,HP,0 - 7,,,,,,3,5,,,,,,,
,2,Stop round 2,0:00,12:06:02,S,0 - 7,,,,,,,,,,,,,,
