Unnamed: 0,Unnamed: 1,Unnamed: 2,Unnamed: 3,Unnamed: 4,Unnamed: 5,Unnamed: 6,Unnamed: 7,Unnamed: 8,Unnamed: 9,Unnamed: 10,Unnamed: 11,Unnamed: 12,Unnamed: 13,Unnamed: 14,Unnamed: 15,Unnamed: 16,Unnamed: 17,Unnamed: 18,Unnamed: 19,Unnamed: 20
,2,Blue add point,0:37,09:16:12,S,7 - 6,3,3,,,,,,,,,,,,
,2,Match resume,0:37,09:16:18,S,7 - 6,,,,,,,,,,,,,,
,2,Red body hit,0:36,09:16:19,BH,7 - 6,,,,,,,9,,,,,,,
,2,Time out,0:29,09:16:26,S,7 - 6,,,,,,,,,,,,,,
,2,Match resume,0:29,09:16:30,S,7 - 6,,,,,,,,,,,,,,
,2,Time out,0:27,09:16:32,S,7 - 6,,,,,,,,,,,,,,
,2,Match resume,0:27,09:16:35,S,7 - 6,,,,,,,,,,,,,,
,2,Red body point,0:25,09:16:36,BP,7 - 8,,,,,,2,29,,,,,,,
,2,Red body hit,0:22,09:16:39,BH,7 - 8,,,,,,,7,,,,,,,
,2,Time out,0:19,09:16:43,S,7 - 8,,,,,,,,,,,,,,
