Unnamed: 0,Unnamed: 1,Unnamed: 2,Unnamed: 3,Unnamed: 4,Unnamed: 5,Unnamed: 6,Unnamed: 7,Unnamed: 8,Unnamed: 9,Unnamed: 10,Unnamed: 11,Unnamed: 12,Unnamed: 13,Unnamed: 14,Unnamed: 15,Unnamed: 16,Unnamed: 17,Unnamed: 18,Unnamed: 19,Unnamed: 20
3.0,Match history template,,,,,,,,,,,,,,,,,,,
,,,,,,,,,,,,,,,,,,,,
,,,,,,,CHUNG,,,,,HONG,,,,,,,,
,Round,Action,Timing (M:S),Time (H:M:S),Source,Score,Point,Hit,J1,J2,J3,Point,Hit,J1,J2,J3,,,,Current time during the competition ()
,1,Start round 1,0:00,08:18:14,S,0 - 0,,,,,,,,,,,,,,
,1,Time out,1:57,08:18:18,S,0 - 0,,,,,,,,,,,,,,
,1,Match resume,1:57,08:18:19,S,0 - 0,,,,,,,,,,,,,,
,1,Time out,1:56,08:18:19,S,0 - 0,,,,,,,,,,,,,,
,1,Match resume,1:56,08:18:20,S,0 - 0,,,,,,,,,,,,,,
,1,Time out,1:56,08:18:21,S,0 - 0,,,,,,,,,,,,,,
,1,Match resume,1:56,08:18:22,S,0 - 0,,,,,,,,,,,,,,
,1,Time out,1:55,08:18:22,S,0 - 0,,,,,,,,,,,,,,
,1,Match resume,1:55,08:18:24,S,0 - 0,,,,,,,,,,,,,,
,1,Time out,1:55,08:18:24,S,0 - 0,,,,,,,,,,,,,,
,1,Match resume,1:55,08:18:26,S,0 - 0,,,,,,,,,,,,,,
,1,Time out,1:53,08:18:27,S,0 - 0,,,,,,,,,,,,,,
,1,Match resume,1:53,08:18:28,S,0 - 0,,,,,,,,,,,,,,
,1,Time out,1:49,08:18:31,S,0 - 0,,,,,,,,,,,,,,
,1,Blue gam-jeom,1:49,08:18:41,CR,0 - 1,,,,,,1,,,,,,,,
,1,Red gam-jeom,1:49,08:18:45,CR,1 - 1,1,,,,,,,,,,,,,
,1,Match resume,1:49,08:18:47,S,1 - 1,,,,,,,,,,,,,,
,1,Time out,1:46,08:18:51,S,1 - 1,,,,,,,,,,,,,,
,1,Time out,1:50,08:19:20,S,1 - 1,,,,,,,,,,,,,,
,1,Match resume,1:50,08:19:25,S,1 - 1,,,,,,,,,,,,,,
,1,Time out,1:48,08:19:28,S,1 - 1,,,,,,,,,,,,,,
,1,Blue video replay,1:48,08:19:48,S,1 - 1,,,,,,,,,,,,,,
,1,Blue add point,1:48,08:20:12,S,4 - 1,3,3,,,,,,,,,,,,
,1,Referee video replay,1:48,08:20:25,S,4 - 1,,,,,,,,,,,,,,
