Unnamed: 0,Unnamed: 1,Unnamed: 2,Unnamed: 3,Unnamed: 4,Unnamed: 5,Unnamed: 6,Unnamed: 7,Unnamed: 8,Unnamed: 9,Unnamed: 10,Unnamed: 11,Unnamed: 12,Unnamed: 13,Unnamed: 14,Unnamed: 15,Unnamed: 16,Unnamed: 17,Unnamed: 18,Unnamed: 19,Unnamed: 20
3.0,Match history template,,,,,,,,,,,,,,,,,,,
,,,,,,,,,,,,,,,,,,,,
,,,,,,,CHUNG,,,,,HONG,,,,,,,,
,Round,Action,Timing (M:S),Time (H:M:S),Source,Score,Point,Hit,J1,J2,J3,Point,Hit,J1,J2,J3,,,,Current time during the competition ()
,0,Referee video replay,2:00,09:56:45,S,0 - 0,,,,,,,,,,,,,,
