Unnamed: 0,Unnamed: 1,Unnamed: 2,Unnamed: 3,Unnamed: 4,Unnamed: 5,Unnamed: 6,Unnamed: 7,Unnamed: 8,Unnamed: 9,Unnamed: 10,Unnamed: 11,Unnamed: 12,Unnamed: 13,Unnamed: 14,Unnamed: 15,Unnamed: 16,Unnamed: 17,Unnamed: 18,Unnamed: 19,Unnamed: 20
3.0,Match history template,,,,,,,,,,,,,,,,,,,
,,,,,,,,,,,,,,,,,,,,
,,,,,,,CHUNG,,,,,HONG,,,,,,,,
,Round,Action,Timing (M:S),Time (H:M:S),Source,Score,Point,Hit,J1,J2,J3,Point,Hit,J1,J2,J3,,,,Current time during the competition ()
,1,Start round 1,0:00,18:29:03,S,0 - 0,,,,,,,,,,,,,,
,1,Blue body point,1:02,18:30:01,BP,2 - 0,2,18,,,,,,,,,,,,
,1,Blue body hit,0:15,18:30:49,BH,2 - 0,,5,,,,,,,,,,,,
,1,Time out,4.20,18:30:59,S,2 - 0,,,,,,,,,,,,,,
,1,Match resume,4.20,18:31:00,S,2 - 0,,,,,,,,,,,,,,
,1,Blue head point,3.12,18:31:01,HP,5 - 0,3,10,,,,,,,,,,,,
,1,Red tech judge,1.54,18:31:03,J,5 - 0,,,,,,,,T,,,,,,
,1,Stop round 1,0:00,18:31:04,S,5 - 0,,,,,,,,,,,,,,
,2,Start round 2,0:00,18:32:16,S,0 - 0,,,,,,,,,,,,,,
,2,Time out,1:30,18:32:47,S,0 - 0,,,,,,,,,,,,,,
,2,Match resume,1:30,18:32:49,S,0 - 0,,,,,,,,,,,,,,
,2,Blue body hit,1:29,18:32:49,BH,0 - 0,,4,,,,,,,,,,,,
,2,Blue body point,1:20,18:32:58,BP,2 - 0,2,32,,,,,,,,,,,,
,2,Time out,1:19,18:32:59,S,2 - 0,,,,,,,,,,,,,,
,2,Red gam-jeom,1:19,18:33:10,CR,3 - 0,1,,,,,,,,,,,,,
,2,Match resume,1:19,18:33:12,S,3 - 0,,,,,,,,,,,,,,
,2,Time out,0:41,18:33:50,S,3 - 0,,,,,,,,,,,,,,
,2,Blue gam-jeom,0:41,18:33:54,CR,3 - 1,,,,,,1,,,,,,,,
,2,Match resume,0:41,18:33:55,S,3 - 1,,,,,,,,,,,,,,
,2,Blue body point,0:11,18:34:26,BP,5 - 1,2,27,,,,,,,,,,,,
,2,Red body point,0:11,18:34:26,BP,5 - 3,,,,,,2,27,,,,,,,
,2,Red tech judge,4.07,18:34:32,J,5 - 3,,,,,,,,,T,,,,,
,2,Stop round 2,0:00,18:34:36,S,5 - 3,,,,,,,,,,,,,,
