Unnamed: 0,Unnamed: 1,Unnamed: 2,Unnamed: 3,Unnamed: 4,Unnamed: 5,Unnamed: 6,Unnamed: 7,Unnamed: 8,Unnamed: 9,Unnamed: 10,Unnamed: 11,Unnamed: 12,Unnamed: 13,Unnamed: 14,Unnamed: 15,Unnamed: 16,Unnamed: 17,Unnamed: 18,Unnamed: 19,Unnamed: 20
,3,Red tech judge,0:11,15:47:18,J,6 - 3,,,,,,,,T,,,,,,
,3,Match resume,0:11,15:47:26,S,6 - 3,,,,,,,,,,,,,,
,3,Time out,5.35,15:47:31,S,6 - 3,,,,,,,,,,,,,,
,3,Match resume,5.35,15:47:33,S,6 - 3,,,,,,,,,,,,,,
,3,Blue body point,4.70,15:47:34,BP,8 - 3,2,22,,,,,,,,,,,,
,3,Time out,1.75,15:47:37,S,8 - 3,,,,,,,,,,,,,,
,3,Blue gam-jeom,1.75,15:47:40,CR,8 - 4,,,,,,1,,,,,,,,
,3,Match resume,1.75,15:47:43,S,8 - 4,,,,,,,,,,,,,,
,3,Stop round 3,0:00,15:47:45,S,8 - 4,,,,,,,,,,,,,,
