Unnamed: 0,Unnamed: 1,Unnamed: 2,Unnamed: 3,Unnamed: 4,Unnamed: 5,Unnamed: 6,Unnamed: 7,Unnamed: 8,Unnamed: 9,Unnamed: 10,Unnamed: 11,Unnamed: 12,Unnamed: 13,Unnamed: 14,Unnamed: 15,Unnamed: 16,Unnamed: 17,Unnamed: 18,Unnamed: 19,Unnamed: 20
,2,Match resume,1:20,11:37:53,S,0 - 8,,,,,,,,,,,,,,
,2,Time out,1:15,11:37:58,S,0 - 8,,,,,,,,,,,,,,
,2,Blue gam-jeom,1:15,11:38:02,CR,0 - 9,,,,,,1,,,,,,,,
,2,Match resume,1:15,11:38:08,S,0 - 9,,,,,,,,,,,,,,
,2,Time out,1:13,11:38:10,S,0 - 9,,,,,,,,,,,,,,
,2,Blue gam-jeom,1:13,11:38:17,CR,0 - 10,,,,,,1,,,,,,,,
