Unnamed: 0,Unnamed: 1,Unnamed: 2,Unnamed: 3,Unnamed: 4,Unnamed: 5,Unnamed: 6,Unnamed: 7,Unnamed: 8,Unnamed: 9,Unnamed: 10,Unnamed: 11,Unnamed: 12,Unnamed: 13,Unnamed: 14,Unnamed: 15,Unnamed: 16,Unnamed: 17,Unnamed: 18,Unnamed: 19,Unnamed: 20
,1,Blue gam-jeom,0:12,15:55:35,CR,16 - 10,,,,,,1,,,,,,,,
,1,Remove blue body point,0:12,15:55:45,S,14 - 10,-2,,,,,,,,,,,,,
,1,Red punch judge,0:12,15:55:46,J,14 - 10,,,,,,,,P,,,,,,
,1,Match resume,0:12,15:55:50,S,14 - 10,,,,,,,,,,,,,,
,1,Time out,9.75,15:55:52,S,14 - 10,,,,,,,,,,,,,,
,1,Red gam-jeom,9.75,15:55:58,CR,15 - 10,1,,,,,,,,,,,,,
,1,Red tech judge,0.00,15:57:13,J,15 - 10,,,,,,,,T,,,,,,
,2,Start round 2,0:00,15:57:15,S,0 - 0,,,,,,,,,,,,,,
,2,Red body hit,2:00,15:57:16,BH,0 - 0,,,,,,,9,,,,,,,
,2,Blue body point,1:58,15:57:18,BP,2 - 0,2,28,,,,,,,,,,,,
,2,Time out,1:56,15:57:20,S,2 - 0,,,,,,,,,,,,,,
