Unnamed: 0,Unnamed: 1,Unnamed: 2,Unnamed: 3,Unnamed: 4,Unnamed: 5,Unnamed: 6,Unnamed: 7,Unnamed: 8,Unnamed: 9,Unnamed: 10,Unnamed: 11,Unnamed: 12,Unnamed: 13,Unnamed: 14,Unnamed: 15,Unnamed: 16,Unnamed: 17,Unnamed: 18,Unnamed: 19,Unnamed: 20
,1,Blue tech judge,1:02,12:34:48,J,4 - 5,,,T,,,,,,,,,,,
,1,Red add point,1:02,12:35:37,S,4 - 8,,,,,,3,3,,,,,,,
,1,Match resume,1:02,12:35:44,S,4 - 8,,,,,,,,,,,,,,
,1,Time out,1:01,12:35:46,S,4 - 8,,,,,,,,,,,,,,
,1,Match resume,1:01,12:35:47,S,4 - 8,,,,,,,,,,,,,,
,1,Time out,0:59,12:35:49,S,4 - 8,,,,,,,,,,,,,,
,1,Match resume,0:59,12:35:51,S,4 - 8,,,,,,,,,,,,,,
,1,Blue body point,0:55,12:35:54,BP,6 - 8,2,21,,,,,,,,,,,,
,1,Red head point,0:54,12:35:55,HP,6 - 11,,,,,,3,27,,,,,,,
,1,Time out,0:49,12:36:00,S,6 - 11,,,,,,,,,,,,,,
,1,Match resume,0:49,12:36:03,S,6 - 11,,,,,,,,,,,,,,
,1,Time out,0:48,12:36:04,S,6 - 11,,,,,,,,,,,,,,
