Unnamed: 0,Unnamed: 1,Unnamed: 2,Unnamed: 3,Unnamed: 4,Unnamed: 5,Unnamed: 6,Unnamed: 7,Unnamed: 8,Unnamed: 9,Unnamed: 10,Unnamed: 11,Unnamed: 12,Unnamed: 13,Unnamed: 14,Unnamed: 15,Unnamed: 16,Unnamed: 17,Unnamed: 18,Unnamed: 19,Unnamed: 20
,2,Match resume,3.08,16:23:20,S,10 - 5,,,,,,,,,,,,,,
,2,Blue body hit,0:04,16:23:20,BH,10 - 5,,6,,,,,,,,,,,,
,2,Time out,0.45,16:23:23,S,10 - 5,,,,,,,,,,,,,,
,2,Blue gam-jeom,0.45,16:23:26,CR,10 - 6,,,,,,1,,,,,,,,
,2,Match resume,0.45,16:23:33,S,10 - 6,,,,,,,,,,,,,,
,2,Stop round 2,0:00,16:23:34,S,10 - 6,,,,,,,,,,,,,,
