Unnamed: 0,Unnamed: 1,Unnamed: 2,Unnamed: 3,Unnamed: 4,Unnamed: 5,Unnamed: 6,Unnamed: 7,Unnamed: 8,Unnamed: 9,Unnamed: 10,Unnamed: 11,Unnamed: 12,Unnamed: 13,Unnamed: 14,Unnamed: 15,Unnamed: 16,Unnamed: 17,Unnamed: 18,Unnamed: 19,Unnamed: 20
,1,Match resume,1:06,15:21:22,S,1 - 1,,,,,,,,,,,,,,
,1,Red punch judge,1:03,15:21:25,J,1 - 1,,,,,,,,P,,,,,,
,1,Time out,1:02,15:21:26,S,1 - 1,,,,,,,,,,,,,,
,1,Match resume,1:02,15:21:29,S,1 - 1,,,,,,,,,,,,,,
,1,Red body hit,0:55,15:21:36,BH,1 - 1,,,,,,,17,,,,,,,
,1,Time out,0:47,15:21:44,S,1 - 1,,,,,,,,,,,,,,
,1,Blue gam-jeom,0:47,15:21:51,CR,1 - 2,,,,,,1,,,,,,,,
