Unnamed: 0,Unnamed: 1,Unnamed: 2,Unnamed: 3,Unnamed: 4,Unnamed: 5,Unnamed: 6,Unnamed: 7,Unnamed: 8,Unnamed: 9,Unnamed: 10,Unnamed: 11,Unnamed: 12,Unnamed: 13,Unnamed: 14,Unnamed: 15,Unnamed: 16,Unnamed: 17,Unnamed: 18,Unnamed: 19,Unnamed: 20
,2,Match resume,8.39,12:29:38,S,12 - 9,,,,,,,,,,,,,,
,2,Red body point,8.25,12:29:38,BP,12 - 11,,,,,,2,23,,,,,,,
,2,Time out,6.12,12:29:41,S,12 - 11,,,,,,,,,,,,,,
,2,Red gam-jeom,6.12,12:29:43,CR,13 - 11,1,,,,,,,,,,,,,
,2,Match resume,6.12,12:29:44,S,13 - 11,,,,,,,,,,,,,,
,2,Time out,3.84,12:29:46,S,13 - 11,,,,,,,,,,,,,,
,2,Match resume,3.84,12:29:48,S,13 - 11,,,,,,,,,,,,,,
,2,Time out,0.43,12:29:52,S,13 - 11,,,,,,,,,,,,,,
,2,Blue gam-jeom,0.43,12:29:55,CR,13 - 12,,,,,,1,,,,,,,,
,2,Match resume,0.43,12:29:56,S,13 - 12,,,,,,,,,,,,,,
,2,Stop round 2,0:00,12:29:57,S,13 - 12,,,,,,,,,,,,,,
