Unnamed: 0,Unnamed: 1,Unnamed: 2,Unnamed: 3,Unnamed: 4,Unnamed: 5,Unnamed: 6,Unnamed: 7,Unnamed: 8,Unnamed: 9,Unnamed: 10,Unnamed: 11,Unnamed: 12,Unnamed: 13,Unnamed: 14,Unnamed: 15,Unnamed: 16,Unnamed: 17,Unnamed: 18,Unnamed: 19,Unnamed: 20
,1,Red add point,1:15,15:16:28,S,0 - 13,,,,,,3,3,,,,,,,
,2,Start round 2,0:00,15:17:31,S,0 - 0,,,,,,,,,,,,,,
,2,Red head point,1:51,15:17:40,HP,0 - 3,,,,,,3,11,,,,,,,
,2,Red body hit,1:51,15:17:41,BH,0 - 3,,,,,,,6,,,,,,,
,2,Red tech judge,1:48,15:17:44,J,0 - 3,,,,,,,,,T,,,,,
,2,Time out,1:47,15:17:44,S,0 - 3,,,,,,,,,,,,,,
,2,Red tech judge,1:47,15:17:44,J,0 - 3,,,,,,,,T,,,,,,
,2,Blue gam-jeom,1:47,15:17:46,CR,0 - 4,,,,,,1,,,,,,,,
,2,Call for doctor,1:47,15:18:06,CR,0 - 4,,,,,,,,,,,,,,
,2,Kye-shi match pause,1:47,15:18:14,CR,0 - 4,,,,,,,,,,,,,,
,2,Red punch judge,1:47,15:18:27,J,0 - 4,,,,,,,,,P,,,,,
,2,Red tech judge,1:47,15:18:27,J,0 - 4,,,,,,,,,T,,,,,
