Unnamed: 0,Unnamed: 1,Unnamed: 2,Unnamed: 3,Unnamed: 4,Unnamed: 5,Unnamed: 6,Unnamed: 7,Unnamed: 8,Unnamed: 9,Unnamed: 10,Unnamed: 11,Unnamed: 12,Unnamed: 13,Unnamed: 14,Unnamed: 15,Unnamed: 16,Unnamed: 17,Unnamed: 18,Unnamed: 19,Unnamed: 20
,2,Match resume,0:13,14:51:20,S,5 - 2,,,,,,,,,,,,,,
,2,Red body hit,0:12,14:51:20,BH,5 - 2,,,,,,,8,,,,,,,
,2,Time out,0:10,14:51:22,S,5 - 2,,,,,,,,,,,,,,
,2,Match resume,0:10,14:51:27,S,5 - 2,,,,,,,,,,,,,,
,2,Time out,7.34,14:51:30,S,5 - 2,,,,,,,,,,,,,,
,2,Match resume,7.34,14:51:33,S,5 - 2,,,,,,,,,,,,,,
,2,Time out,5.89,14:51:35,S,5 - 2,,,,,,,,,,,,,,
,2,Blue gam-jeom,5.89,14:51:38,CR,5 - 3,,,,,,1,,,,,,,,
,2,Match resume,5.89,14:51:40,S,5 - 3,,,,,,,,,,,,,,
,2,Red body point,3.76,14:51:43,BP,5 - 5,,,,,,2,25,,,,,,,
,2,Blue head point,3.46,14:51:43,HP,8 - 5,3,7,,,,,,,,,,,,
,2,Time out,2.40,14:51:44,S,8 - 5,,,,,,,,,,,,,,
,2,Match resume,2.40,14:51:55,S,8 - 5,,,,,,,,,,,,,,
,2,Stop round 2,0:00,14:51:57,S,8 - 5,,,,,,,,,,,,,,
