Unnamed: 0,Unnamed: 1,Unnamed: 2,Unnamed: 3,Unnamed: 4,Unnamed: 5,Unnamed: 6,Unnamed: 7,Unnamed: 8,Unnamed: 9,Unnamed: 10,Unnamed: 11,Unnamed: 12,Unnamed: 13,Unnamed: 14,Unnamed: 15,Unnamed: 16,Unnamed: 17,Unnamed: 18,Unnamed: 19,Unnamed: 20
,2,Match resume,0:31,15:51:37,S,5 - 12,,,,,,,,,,,,,,
,2,Blue head point,0:16,15:51:53,HP,8 - 12,3,60,,,,,,,,,,,,
,2,Red body hit,0:16,15:51:53,BH,8 - 12,,,,,,,15,,,,,,,
,2,Blue tech judge,0:12,15:51:56,J,8 - 12,,,,T,,,,,,,,,,
,2,Time out,6.48,15:52:02,S,8 - 12,,,,,,,,,,,,,,
,2,Match resume,6.48,15:52:04,S,8 - 12,,,,,,,,,,,,,,
,2,Blue tech judge,4.26,15:52:07,J,8 - 12,,,,T,,,,,,,,,,
,2,Time out,4.06,15:52:07,S,8 - 12,,,,,,,,,,,,,,
,2,Blue gam-jeom,4.06,15:52:12,CR,8 - 13,,,,,,1,,,,,,,,
,2,Match resume,4.06,15:52:14,S,8 - 13,,,,,,,,,,,,,,
,2,Time out,0.76,15:52:17,S,8 - 13,,,,,,,,,,,,,,
,2,Blue gam-jeom,0.76,15:52:25,CR,8 - 14,,,,,,1,,,,,,,,
,2,Match resume,0.76,15:52:27,S,8 - 14,,,,,,,,,,,,,,
,2,Stop round 2,0:00,15:52:28,S,8 - 14,,,,,,,,,,,,,,
