Unnamed: 0,Unnamed: 1,Unnamed: 2,Unnamed: 3,Unnamed: 4,Unnamed: 5,Unnamed: 6,Unnamed: 7,Unnamed: 8,Unnamed: 9,Unnamed: 10,Unnamed: 11,Unnamed: 12,Unnamed: 13,Unnamed: 14,Unnamed: 15,Unnamed: 16,Unnamed: 17,Unnamed: 18,Unnamed: 19,Unnamed: 20
,2,Blue add point,1:31,11:52:18,S,3 - 0,3,3,,,,,,,,,,,,
,2,Blue gam-jeom,1:31,11:52:38,CR,3 - 1,,,,,,1,,,,,,,,
,2,Match resume,1:31,11:52:46,S,3 - 1,,,,,,,,,,,,,,
,2,Red body hit,1:25,11:52:52,BH,3 - 1,,,,,,,17,,,,,,,
,2,Time out,1:21,11:52:56,S,3 - 1,,,,,,,,,,,,,,
,2,Blue gam-jeom,1:21,11:53:02,CR,3 - 2,,,,,,1,,,,,,,,
