Unnamed: 0,Unnamed: 1,Unnamed: 2,Unnamed: 3,Unnamed: 4,Unnamed: 5,Unnamed: 6,Unnamed: 7,Unnamed: 8,Unnamed: 9,Unnamed: 10,Unnamed: 11,Unnamed: 12,Unnamed: 13,Unnamed: 14,Unnamed: 15,Unnamed: 16,Unnamed: 17,Unnamed: 18,Unnamed: 19,Unnamed: 20
,2,Blue add point,0:14,11:19:05,S,9 - 6,3,3,,,,,,,,,,,,
,2,Match resume,0:14,11:19:11,S,9 - 6,,,,,,,,,,,,,,
,2,Blue body hit,0:13,11:19:12,BH,9 - 6,,11,,,,,,,,,,,,
,2,Time out,0:11,11:19:15,S,9 - 6,,,,,,,,,,,,,,
,2,Match resume,0:11,11:19:17,S,9 - 6,,,,,,,,,,,,,,
,2,Time out,3.42,11:19:24,S,9 - 6,,,,,,,,,,,,,,
,2,Blue gam-jeom,3.42,11:19:29,CR,9 - 7,,,,,,1,,,,,,,,
,2,Match resume,3.42,11:19:32,S,9 - 7,,,,,,,,,,,,,,
,2,Time out,1.86,11:19:34,S,9 - 7,,,,,,,,,,,,,,
,2,Red gam-jeom,1.86,11:19:40,CR,10 - 7,1,,,,,,,,,,,,,
