Unnamed: 0,Unnamed: 1,Unnamed: 2,Unnamed: 3,Unnamed: 4,Unnamed: 5,Unnamed: 6,Unnamed: 7,Unnamed: 8,Unnamed: 9,Unnamed: 10,Unnamed: 11,Unnamed: 12,Unnamed: 13,Unnamed: 14,Unnamed: 15,Unnamed: 16,Unnamed: 17,Unnamed: 18,Unnamed: 19,Unnamed: 20
,2,Match resume,1:39,10:47:47,S,0 - 0,,,,,,,,,,,,,,
,2,Blue body point,1:07,10:48:19,BP,2 - 0,2,21,,,,,,,,,,,,
,2,Time out,0:49,10:48:37,S,2 - 0,,,,,,,,,,,,,,
,2,Match resume,0:49,10:48:41,S,2 - 0,,,,,,,,,,,,,,
,2,Time out,0:45,10:48:45,S,2 - 0,,,,,,,,,,,,,,
,2,Match resume,0:45,10:48:48,S,2 - 0,,,,,,,,,,,,,,
,2,Blue tech judge,0:35,10:48:58,J,2 - 0,,,,T,,,,,,,,,,
,2,Time out,0:32,10:49:01,S,2 - 0,,,,,,,,,,,,,,
,2,Match resume,0:32,10:49:04,S,2 - 0,,,,,,,,,,,,,,
,2,Blue body point,0:21,10:49:15,BP,4 - 0,2,27,,,,,,,,,,,,
,2,Blue tech judge,0:21,10:49:15,J,4 - 0,,,T,,,,,,,,,,,
,2,Blue tech judge,0:21,10:49:15,J,4 - 0,,,,T,,,,,,,,,,
,2,Blue tech point,0:21,10:49:15,J,6 - 0,2,,,,,,,,,,,,,
,2,Blue tech judge,0:20,10:49:15,J,6 - 0,,,T,,,,,,,,,,,
,2,Blue head point,8.90,10:49:26,HP,9 - 0,3,26,,,,,,,,,,,,
,2,Stop round 2,0:00,10:49:35,S,9 - 0,,,,,,,,,,,,,,
