Unnamed: 0,Unnamed: 1,Unnamed: 2,Unnamed: 3,Unnamed: 4,Unnamed: 5,Unnamed: 6,Unnamed: 7,Unnamed: 8,Unnamed: 9,Unnamed: 10,Unnamed: 11,Unnamed: 12,Unnamed: 13,Unnamed: 14,Unnamed: 15,Unnamed: 16,Unnamed: 17,Unnamed: 18,Unnamed: 19,Unnamed: 20
,2,Match resume,1:23,14:27:22,S,0 - 0,,,,,,,,,,,,,,
,2,Time out,1:21,14:27:24,S,0 - 0,,,,,,,,,,,,,,
,2,Match resume,1:21,14:27:26,S,0 - 0,,,,,,,,,,,,,,
,2,Blue body hit,1:16,14:27:31,BH,0 - 0,,14,,,,,,,,,,,,
,2,Blue body hit,1:07,14:27:40,BH,0 - 0,,13,,,,,,,,,,,,
,2,Time out,1:03,14:27:45,S,0 - 0,,,,,,,,,,,,,,
,2,Red punch judge,1:03,14:27:45,J,0 - 0,,,,,,,,P,,,,,,
,2,Match resume,1:03,14:27:53,S,0 - 0,,,,,,,,,,,,,,
,2,Red punch judge,0:55,14:28:01,J,0 - 0,,,,,,,,,P,,,,,
,2,Time out,0:52,14:28:03,S,0 - 0,,,,,,,,,,,,,,
