Unnamed: 0,Unnamed: 1,Unnamed: 2,Unnamed: 3,Unnamed: 4,Unnamed: 5,Unnamed: 6,Unnamed: 7,Unnamed: 8,Unnamed: 9,Unnamed: 10,Unnamed: 11,Unnamed: 12,Unnamed: 13,Unnamed: 14,Unnamed: 15,Unnamed: 16,Unnamed: 17,Unnamed: 18,Unnamed: 19,Unnamed: 20
,2,Match resume,7.89,15:10:08,S,6 - 9,,,,,,,,,,,,,,
,2,Red body hit,5.17,15:10:10,BH,6 - 9,,,,,,,8,,,,,,,
,2,Blue body point,4.08,15:10:11,BP,8 - 9,2,23,,,,,,,,,,,,
,2,Time out,2.61,15:10:13,S,8 - 9,,,,,,,,,,,,,,
,2,Red gam-jeom,2.61,15:10:17,CR,9 - 9,1,,,,,,,,,,,,,
,2,Match resume,2.61,15:10:20,S,9 - 9,,,,,,,,,,,,,,
,2,Blue punch judge,1.47,15:10:22,J,9 - 9,,,,P,,,,,,,,,,
,2,Time out,0.58,15:10:23,S,9 - 9,,,,,,,,,,,,,,
,2,Match resume,0.58,15:10:25,S,9 - 9,,,,,,,,,,,,,,
,2,Stop round 2,0:00,15:10:26,S,9 - 9,,,,,,,,,,,,,,
