Unnamed: 0,Unnamed: 1,Unnamed: 2,Unnamed: 3,Unnamed: 4,Unnamed: 5,Unnamed: 6,Unnamed: 7,Unnamed: 8,Unnamed: 9,Unnamed: 10,Unnamed: 11,Unnamed: 12,Unnamed: 13,Unnamed: 14,Unnamed: 15,Unnamed: 16,Unnamed: 17,Unnamed: 18,Unnamed: 19,Unnamed: 20
,3,Match resume,0:11,14:18:44,S,6 - 2,,,,,,,,,,,,,,
,3,Blue body hit,8.86,14:18:46,BH,6 - 2,,14,,,,,,,,,,,,
,3,Blue body hit,6.59,14:18:48,BH,6 - 2,,10,,,,,,,,,,,,
,3,Blue body hit,2.42,14:18:52,BH,6 - 2,,5,,,,,,,,,,,,
,3,Time out,2.11,14:18:52,S,6 - 2,,,,,,,,,,,,,,
,3,Blue gam-jeom,2.11,14:18:58,CR,6 - 3,,,,,,1,,,,,,,,
,3,Match resume,2.11,14:19:00,S,6 - 3,,,,,,,,,,,,,,
,3,Stop round 3,0:00,14:19:02,S,6 - 3,,,,,,,,,,,,,,
