Unnamed: 0,Unnamed: 1,Unnamed: 2,Unnamed: 3,Unnamed: 4,Unnamed: 5,Unnamed: 6,Unnamed: 7,Unnamed: 8,Unnamed: 9,Unnamed: 10,Unnamed: 11,Unnamed: 12,Unnamed: 13,Unnamed: 14,Unnamed: 15,Unnamed: 16,Unnamed: 17,Unnamed: 18,Unnamed: 19,Unnamed: 20
,1,Red add point,1:56,14:07:35,S,0 - 3,,,,,,3,3,,,,,,,
,1,Match resume,1:56,14:07:44,S,0 - 3,,,,,,,,,,,,,,
,1,Time out,1:47,14:07:53,S,0 - 3,,,,,,,,,,,,,,
,1,Match resume,1:47,14:07:56,S,0 - 3,,,,,,,,,,,,,,
,1,Time out,1:35,14:08:08,S,0 - 3,,,,,,,,,,,,,,
,1,Match resume,1:35,14:08:09,S,0 - 3,,,,,,,,,,,,,,
,1,Red punch judge,1:28,14:08:17,J,0 - 3,,,,,,,,P,,,,,,
,1,Red punch judge,1:28,14:08:17,J,0 - 3,,,,,,,,,P,,,,,
,1,Blue body hit,1:28,14:08:17,BH,0 - 3,,14,,,,,,,,,,,,
,1,Red punch point,1:28,14:08:17,J,0 - 4,,,,,,1,,,,,,,,
,1,Blue punch judge,1:20,14:08:25,J,0 - 4,,,P,,,,,,,,,,,
,1,Blue punch judge,1:19,14:08:26,J,0 - 4,,,,P,,,,,,,,,,
,1,Blue punch point,1:19,14:08:26,J,1 - 4,1,,,,,,,,,,,,,
,1,Time out,1:18,14:08:26,S,1 - 4,,,,,,,,,,,,,,
,1,Match resume,1:18,14:08:33,S,1 - 4,,,,,,,,,,,,,,
,1,Red body hit,1:11,14:08:40,BH,1 - 4,,,,,,,5,,,,,,,
,1,Time out,0:59,14:08:52,S,1 - 4,,,,,,,,,,,,,,
,1,Match resume,0:59,14:08:55,S,1 - 4,,,,,,,,,,,,,,
