Unnamed: 0,Unnamed: 1,Unnamed: 2,Unnamed: 3,Unnamed: 4,Unnamed: 5,Unnamed: 6,Unnamed: 7,Unnamed: 8,Unnamed: 9,Unnamed: 10,Unnamed: 11,Unnamed: 12,Unnamed: 13,Unnamed: 14,Unnamed: 15,Unnamed: 16,Unnamed: 17,Unnamed: 18,Unnamed: 19,Unnamed: 20
,2,Match resume,0:25,12:10:27,S,5 - 6,,,,,,,,,,,,,,
,2,Blue head point,0:22,12:10:30,HP,8 - 6,3,60,,,,,,,,,,,,
,2,Blue body hit,0:18,12:10:34,BH,8 - 6,,10,,,,,,,,,,,,
,2,Blue body point,7.43,12:10:44,BP,10 - 6,2,23,,,,,,,,,,,,
,2,Blue body hit,3.82,12:10:48,BH,10 - 6,,7,,,,,,,,,,,,
,2,Time out,2.67,12:10:49,S,10 - 6,,,,,,,,,,,,,,
,2,Blue gam-jeom,2.67,12:10:52,CR,10 - 7,,,,,,1,,,,,,,,
,2,Match resume,2.67,12:10:58,S,10 - 7,,,,,,,,,,,,,,
,2,Time out,0.68,12:11:00,S,10 - 7,,,,,,,,,,,,,,
,2,Match resume,0.68,12:11:02,S,10 - 7,,,,,,,,,,,,,,
,2,Stop round 2,0:00,12:11:03,S,10 - 7,,,,,,,,,,,,,,
