Unnamed: 0,Unnamed: 1,Unnamed: 2,Unnamed: 3,Unnamed: 4,Unnamed: 5,Unnamed: 6,Unnamed: 7,Unnamed: 8,Unnamed: 9,Unnamed: 10,Unnamed: 11,Unnamed: 12,Unnamed: 13,Unnamed: 14,Unnamed: 15,Unnamed: 16,Unnamed: 17,Unnamed: 18,Unnamed: 19,Unnamed: 20
,3,Match resume,0:14,11:41:29,S,0 - 3,,,,,,,,,,,,,,
,3,Time out,0:11,11:41:32,S,0 - 3,,,,,,,,,,,,,,
,3,Blue gam-jeom,0:11,11:41:36,CR,0 - 4,,,,,,1,,,,,,,,
,3,Match resume,0:11,11:41:38,S,0 - 4,,,,,,,,,,,,,,
,3,Red body hit,4.76,11:41:44,BH,0 - 4,,,,,,,8,,,,,,,
,3,Blue tech judge,4.23,11:41:45,J,0 - 4,,,T,,,,,,,,,,,
,3,Red body point,3.40,11:41:45,BP,0 - 6,,,,,,2,30,,,,,,,
,3,Time out,0.42,11:41:48,S,0 - 6,,,,,,,,,,,,,,
,3,Match resume,0.42,11:41:49,S,0 - 6,,,,,,,,,,,,,,
,3,Stop round 3,0:00,11:41:49,S,0 - 6,,,,,,,,,,,,,,
