Unnamed: 0,Unnamed: 1,Unnamed: 2,Unnamed: 3,Unnamed: 4,Unnamed: 5,Unnamed: 6,Unnamed: 7,Unnamed: 8,Unnamed: 9,Unnamed: 10,Unnamed: 11,Unnamed: 12,Unnamed: 13,Unnamed: 14,Unnamed: 15,Unnamed: 16,Unnamed: 17,Unnamed: 18,Unnamed: 19,Unnamed: 20
,2,Match resume,0:44,11:17:34,S,6 - 3,,,,,,,,,,,,,,
,2,Time out,0:38,11:17:40,S,6 - 3,,,,,,,,,,,,,,
,2,Match resume,0:38,11:17:44,S,6 - 3,,,,,,,,,,,,,,
,2,Blue body hit,0:36,11:17:46,BH,6 - 3,,8,,,,,,,,,,,,
,2,Time out,0:22,11:18:00,S,6 - 3,,,,,,,,,,,,,,
,2,Match resume,0:22,11:18:05,S,6 - 3,,,,,,,,,,,,,,
,2,Red head point,0:17,11:18:10,HP,6 - 6,,,,,,3,55,,,,,,,
,2,Time out,0:14,11:18:13,S,6 - 6,,,,,,,,,,,,,,
