Unnamed: 0,Unnamed: 1,Unnamed: 2,Unnamed: 3,Unnamed: 4,Unnamed: 5,Unnamed: 6,Unnamed: 7,Unnamed: 8,Unnamed: 9,Unnamed: 10,Unnamed: 11,Unnamed: 12,Unnamed: 13,Unnamed: 14,Unnamed: 15,Unnamed: 16,Unnamed: 17,Unnamed: 18,Unnamed: 19,Unnamed: 20
,1,Match resume,1:57,15:14:40,S,0 - 3,,,,,,,,,,,,,,
,1,Time out,1:54,15:14:43,S,0 - 3,,,,,,,,,,,,,,
,1,Blue gam-jeom,1:54,15:14:46,CR,0 - 4,,,,,,1,,,,,,,,
,1,Match resume,1:54,15:14:47,S,0 - 4,,,,,,,,,,,,,,
,1,Time out,1:51,15:14:50,S,0 - 4,,,,,,,,,,,,,,
,1,Match resume,1:51,15:14:53,S,0 - 4,,,,,,,,,,,,,,
,1,Red body hit,1:44,15:15:00,BH,0 - 4,,,,,,,5,,,,,,,
,1,Red head point,1:36,15:15:08,HP,0 - 7,,,,,,3,61,,,,,,,
,1,Red body point,1:34,15:15:09,BP,0 - 9,,,,,,2,20,,,,,,,
,1,Time out,1:32,15:15:11,S,0 - 9,,,,,,,,,,,,,,
,1,Match resume,1:32,15:15:15,S,0 - 9,,,,,,,,,,,,,,
,1,Blue body hit,1:31,15:15:17,BH,0 - 9,,7,,,,,,,,,,,,
,1,Blue tech judge,1:27,15:15:21,J,0 - 9,,,,T,,,,,,,,,,
,1,Time out,1:26,15:15:22,S,0 - 9,,,,,,,,,,,,,,
,1,Blue gam-jeom,1:26,15:15:25,CR,0 - 10,,,,,,1,,,,,,,,
,1,Match resume,1:26,15:15:26,S,0 - 10,,,,,,,,,,,,,,
,1,Time out,1:15,15:15:38,S,0 - 10,,,,,,,,,,,,,,
